"","name","unicode","bytes","emojiid","rencoding"
"1","grinning face with smiling eyes","U+1F601","\xF0\x9F\x98\x81",1,"<ed><a0><bd><ed><b8><81>"
"2","face with tears of joy","U+1F602","\xF0\x9F\x98\x82",2,"<ed><a0><bd><ed><b8><82>"
"3","smiling face with open mouth","U+1F603","\xF0\x9F\x98\x83",3,"<ed><a0><bd><ed><b8><83>"
"4","smiling face with open mouth and smiling eyes","U+1F604","\xF0\x9F\x98\x84",4,"<ed><a0><bd><ed><b8><84>"
"5","smiling face with open mouth and cold sweat","U+1F605","\xF0\x9F\x98\x85",5,"<ed><a0><bd><ed><b8><85>"
"6","smiling face with open mouth and tightly-closed eyes","U+1F606","\xF0\x9F\x98\x86",6,"<ed><a0><bd><ed><b8><86>"
"7","winking face","U+1F609","\xF0\x9F\x98\x89",7,"<ed><a0><bd><ed><b8><89>"
"8","smiling face with smiling eyes","U+1F60A","\xF0\x9F\x98\x8A",8,"<ed><a0><bd><ed><b8><8a>"
"9","face savouring delicious food","U+1F60B","\xF0\x9F\x98\x8B",9,"<ed><a0><bd><ed><b8><8b>"
"10","relieved face","U+1F60C","\xF0\x9F\x98\x8C",10,"<ed><a0><bd><ed><b8><8c>"
"11","smiling face with heart-shaped eyes","U+1F60D","\xF0\x9F\x98\x8D",11,"<ed><a0><bd><ed><b8><8d>"
"12","smirking face","U+1F60F","\xF0\x9F\x98\x8F",12,"<ed><a0><bd><ed><b8><8f>"
"13","unamused face","U+1F612","\xF0\x9F\x98\x92",13,"<ed><a0><bd><ed><b8><92>"
"14","face with cold sweat","U+1F613","\xF0\x9F\x98\x93",14,"<ed><a0><bd><ed><b8><93>"
"15","pensive face","U+1F614","\xF0\x9F\x98\x94",15,"<ed><a0><bd><ed><b8><94>"
"16","confounded face","U+1F616","\xF0\x9F\x98\x96",16,"<ed><a0><bd><ed><b8><96>"
"17","face throwing a kiss","U+1F618","\xF0\x9F\x98\x98",17,"<ed><a0><bd><ed><b8><98>"
"18","kissing face with closed eyes","U+1F61A","\xF0\x9F\x98\x9A",18,"<ed><a0><bd><ed><b8><9a>"
"19","face with stuck-out tongue and winking eye","U+1F61C","\xF0\x9F\x98\x9C",19,"<ed><a0><bd><ed><b8><9c>"
"20","face with stuck-out tongue and tightly-closed eyes","U+1F61D","\xF0\x9F\x98\x9D",20,"<ed><a0><bd><ed><b8><9d>"
"21","disappointed face","U+1F61E","\xF0\x9F\x98\x9E",21,"<ed><a0><bd><ed><b8><9e>"
"22","angry face","U+1F620","\xF0\x9F\x98\xA0",22,"<ed><a0><bd><ed><b8><a0>"
"23","pouting face","U+1F621","\xF0\x9F\x98\xA1",23,"<ed><a0><bd><ed><b8><a1>"
"24","crying face","U+1F622","\xF0\x9F\x98\xA2",24,"<ed><a0><bd><ed><b8><a2>"
"25","persevering face","U+1F623","\xF0\x9F\x98\xA3",25,"<ed><a0><bd><ed><b8><a3>"
"26","face with look of triumph","U+1F624","\xF0\x9F\x98\xA4",26,"<ed><a0><bd><ed><b8><a4>"
"27","disappointed but relieved face","U+1F625","\xF0\x9F\x98\xA5",27,"<ed><a0><bd><ed><b8><a5>"
"28","fearful face","U+1F628","\xF0\x9F\x98\xA8",28,"<ed><a0><bd><ed><b8><a8>"
"29","weary face","U+1F629","\xF0\x9F\x98\xA9",29,"<ed><a0><bd><ed><b8><a9>"
"30","sleepy face","U+1F62A","\xF0\x9F\x98\xAA",30,"<ed><a0><bd><ed><b8><aa>"
"31","tired face","U+1F62B","\xF0\x9F\x98\xAB",31,"<ed><a0><bd><ed><b8><ab>"
"32","loudly crying face","U+1F62D","\xF0\x9F\x98\xAD",32,"<ed><a0><bd><ed><b8><ad>"
"33","face with open mouth and cold sweat","U+1F630","\xF0\x9F\x98\xB0",33,"<ed><a0><bd><ed><b8><b0>"
"34","face screaming in fear","U+1F631","\xF0\x9F\x98\xB1",34,"<ed><a0><bd><ed><b8><b1>"
"35","astonished face","U+1F632","\xF0\x9F\x98\xB2",35,"<ed><a0><bd><ed><b8><b2>"
"36","flushed face","U+1F633","\xF0\x9F\x98\xB3",36,"<ed><a0><bd><ed><b8><b3>"
"37","dizzy face","U+1F635","\xF0\x9F\x98\xB5",37,"<ed><a0><bd><ed><b8><b5>"
"38","face with medical mask","U+1F637","\xF0\x9F\x98\xB7",38,"<ed><a0><bd><ed><b8><b7>"
"39","grinning cat face with smiling eyes","U+1F638","\xF0\x9F\x98\xB8",39,"<ed><a0><bd><ed><b8><b8>"
"40","cat face with tears of joy","U+1F639","\xF0\x9F\x98\xB9",40,"<ed><a0><bd><ed><b8><b9>"
"41","smiling cat face with open mouth","U+1F63A","\xF0\x9F\x98\xBA",41,"<ed><a0><bd><ed><b8><ba>"
"42","smiling cat face with heart-shaped eyes","U+1F63B","\xF0\x9F\x98\xBB",42,"<ed><a0><bd><ed><b8><bb>"
"43","cat face with wry smile","U+1F63C","\xF0\x9F\x98\xBC",43,"<ed><a0><bd><ed><b8><bc>"
"44","kissing cat face with closed eyes","U+1F63D","\xF0\x9F\x98\xBD",44,"<ed><a0><bd><ed><b8><bd>"
"45","pouting cat face","U+1F63E","\xF0\x9F\x98\xBE",45,"<ed><a0><bd><ed><b8><be>"
"46","crying cat face","U+1F63F","\xF0\x9F\x98\xBF",46,"<ed><a0><bd><ed><b8><bf>"
"47","weary cat face","U+1F640","\xF0\x9F\x99\x80",47,"<ed><a0><bd><ed><b9><80>"
"48","face with no good gesture","U+1F645","\xF0\x9F\x99\x85",48,"<ed><a0><bd><ed><b9><85>"
"49","face with ok gesture","U+1F646","\xF0\x9F\x99\x86",49,"<ed><a0><bd><ed><b9><86>"
"50","person bowing deeply","U+1F647","\xF0\x9F\x99\x87",50,"<ed><a0><bd><ed><b9><87>"
"51","see-no-evil monkey","U+1F648","\xF0\x9F\x99\x88",51,"<ed><a0><bd><ed><b9><88>"
"52","hear-no-evil monkey","U+1F649","\xF0\x9F\x99\x89",52,"<ed><a0><bd><ed><b9><89>"
"53","speak-no-evil monkey","U+1F64A","\xF0\x9F\x99\x8A",53,"<ed><a0><bd><ed><b9><8a>"
"54","happy person raising one hand","U+1F64B","\xF0\x9F\x99\x8B",54,"<ed><a0><bd><ed><b9><8b>"
"55","person raising both hands in celebration","U+1F64C","\xF0\x9F\x99\x8C",55,"<ed><a0><bd><ed><b9><8c>"
"56","person frowning","U+1F64D","\xF0\x9F\x99\x8D",56,"<ed><a0><bd><ed><b9><8d>"
"57","person with pouting face","U+1F64E","\xF0\x9F\x99\x8E",57,"<ed><a0><bd><ed><b9><8e>"
"58","person with folded hands","U+1F64F","\xF0\x9F\x99\x8F",58,"<ed><a0><bd><ed><b9><8f>"
"59","black scissors","U+2702","\xE2\x9C\x82",59,"<e2><9c><82>"
"60","white heavy check mark","U+2705","\xE2\x9C\x85",60,"<e2><9c><85>"
"61","airplane","U+2708","\xE2\x9C\x88",61,"<e2><9c><88>"
"62","envelope","U+2709","\xE2\x9C\x89",62,"<e2><9c><89>"
"63","raised fist","U+270A","\xE2\x9C\x8A",63,"<e2><9c><8a>"
"64","raised hand","U+270B","\xE2\x9C\x8B",64,"<e2><9c><8b>"
"65","victory hand","U+270C","\xE2\x9C\x8C",65,"<e2><9c><8c>"
"66","pencil","U+270F","\xE2\x9C\x8F",66,"<e2><9c><8f>"
"67","black nib","U+2712","\xE2\x9C\x92",67,"<e2><9c><92>"
"68","heavy check mark","U+2714","\xE2\x9C\x94",68,"<e2><9c><94>"
"69","heavy multiplication x","U+2716","\xE2\x9C\x96",69,"<e2><9c><96>"
"70","sparkles","U+2728","\xE2\x9C\xA8",70,"<e2><9c><a8>"
"71","eight spoked asterisk","U+2733","\xE2\x9C\xB3",71,"<e2><9c><b3>"
"72","eight pointed black star","U+2734","\xE2\x9C\xB4",72,"<e2><9c><b4>"
"73","snowflake","U+2744","\xE2\x9D\x84",73,"<e2><9d><84>"
"74","sparkle","U+2747","\xE2\x9D\x87",74,"<e2><9d><87>"
"75","cross mark","U+274C","\xE2\x9D\x8C",75,"<e2><9d><8c>"
"76","negative squared cross mark","U+274E","\xE2\x9D\x8E",76,"<e2><9d><8e>"
"77","black question mark ornament","U+2753","\xE2\x9D\x93",77,"<e2><9d><93>"
"78","white question mark ornament","U+2754","\xE2\x9D\x94",78,"<e2><9d><94>"
"79","white exclamation mark ornament","U+2755","\xE2\x9D\x95",79,"<e2><9d><95>"
"80","heavy exclamation mark symbol","U+2757","\xE2\x9D\x97",80,"<e2><9d><97>"
"81","heavy black heart","U+2764","\xE2\x9D\xA4",81,"<e2><9d><a4>"
"82","heavy plus sign","U+2795","\xE2\x9E\x95",82,"<e2><9e><95>"
"83","heavy minus sign","U+2796","\xE2\x9E\x96",83,"<e2><9e><96>"
"84","heavy division sign","U+2797","\xE2\x9E\x97",84,"<e2><9e><97>"
"85","black rightwards arrow","U+27A1","\xE2\x9E\xA1",85,"<e2><9e><a1>"
"86","curly loop","U+27B0","\xE2\x9E\xB0",86,"<e2><9e><b0>"
"87","rocket","U+1F680","\xF0\x9F\x9A\x80",87,"<ed><a0><bd><ed><ba><80>"
"88","railway car","U+1F683","\xF0\x9F\x9A\x83",88,"<ed><a0><bd><ed><ba><83>"
"89","high-speed train","U+1F684","\xF0\x9F\x9A\x84",89,"<ed><a0><bd><ed><ba><84>"
"90","high-speed train with bullet nose","U+1F685","\xF0\x9F\x9A\x85",90,"<ed><a0><bd><ed><ba><85>"
"91","metro","U+1F687","\xF0\x9F\x9A\x87",91,"<ed><a0><bd><ed><ba><87>"
"92","station","U+1F689","\xF0\x9F\x9A\x89",92,"<ed><a0><bd><ed><ba><89>"
"93","bus","U+1F68C","\xF0\x9F\x9A\x8C",93,"<ed><a0><bd><ed><ba><8c>"
"94","bus stop","U+1F68F","\xF0\x9F\x9A\x8F",94,"<ed><a0><bd><ed><ba><8f>"
"95","ambulance","U+1F691","\xF0\x9F\x9A\x91",95,"<ed><a0><bd><ed><ba><91>"
"96","fire engine","U+1F692","\xF0\x9F\x9A\x92",96,"<ed><a0><bd><ed><ba><92>"
"97","police car","U+1F693","\xF0\x9F\x9A\x93",97,"<ed><a0><bd><ed><ba><93>"
"98","taxi","U+1F695","\xF0\x9F\x9A\x95",98,"<ed><a0><bd><ed><ba><95>"
"99","automobile","U+1F697","\xF0\x9F\x9A\x97",99,"<ed><a0><bd><ed><ba><97>"
"100","recreational vehicle","U+1F699","\xF0\x9F\x9A\x99",100,"<ed><a0><bd><ed><ba><99>"
"101","delivery truck","U+1F69A","\xF0\x9F\x9A\x9A",101,"<ed><a0><bd><ed><ba><9a>"
"102","ship","U+1F6A2","\xF0\x9F\x9A\xA2",102,"<ed><a0><bd><ed><ba><a2>"
"103","speedboat","U+1F6A4","\xF0\x9F\x9A\xA4",103,"<ed><a0><bd><ed><ba><a4>"
"104","horizontal traffic light","U+1F6A5","\xF0\x9F\x9A\xA5",104,"<ed><a0><bd><ed><ba><a5>"
"105","construction sign","U+1F6A7","\xF0\x9F\x9A\xA7",105,"<ed><a0><bd><ed><ba><a7>"
"106","police cars revolving light","U+1F6A8","\xF0\x9F\x9A\xA8",106,"<ed><a0><bd><ed><ba><a8>"
"107","triangular flag on post","U+1F6A9","\xF0\x9F\x9A\xA9",107,"<ed><a0><bd><ed><ba><a9>"
"108","door","U+1F6AA","\xF0\x9F\x9A\xAA",108,"<ed><a0><bd><ed><ba><aa>"
"109","no entry sign","U+1F6AB","\xF0\x9F\x9A\xAB",109,"<ed><a0><bd><ed><ba><ab>"
"110","smoking symbol","U+1F6AC","\xF0\x9F\x9A\xAC",110,"<ed><a0><bd><ed><ba><ac>"
"111","no smoking symbol","U+1F6AD","\xF0\x9F\x9A\xAD",111,"<ed><a0><bd><ed><ba><ad>"
"112","bicycle","U+1F6B2","\xF0\x9F\x9A\xB2",112,"<ed><a0><bd><ed><ba><b2>"
"113","pedestrian","U+1F6B6","\xF0\x9F\x9A\xB6",113,"<ed><a0><bd><ed><ba><b6>"
"114","mens symbol","U+1F6B9","\xF0\x9F\x9A\xB9",114,"<ed><a0><bd><ed><ba><b9>"
"115","womens symbol","U+1F6BA","\xF0\x9F\x9A\xBA",115,"<ed><a0><bd><ed><ba><ba>"
"116","restroom","U+1F6BB","\xF0\x9F\x9A\xBB",116,"<ed><a0><bd><ed><ba><bb>"
"117","baby symbol","U+1F6BC","\xF0\x9F\x9A\xBC",117,"<ed><a0><bd><ed><ba><bc>"
"118","toilet","U+1F6BD","\xF0\x9F\x9A\xBD",118,"<ed><a0><bd><ed><ba><bd>"
"119","water closet","U+1F6BE","\xF0\x9F\x9A\xBE",119,"<ed><a0><bd><ed><ba><be>"
"120","bath","U+1F6C0","\xF0\x9F\x9B\x80",120,"<ed><a0><bd><ed><bb><80>"
"121","circled latin capital letter m","U+24C2","\xE2\x93\x82",121,"<e2><93><82>"
"122","negative squared latin capital letter a","U+1F170","\xF0\x9F\x85\xB0",122,"<ed><a0><bc><ed><b5><b0>"
"123","negative squared latin capital letter b","U+1F171","\xF0\x9F\x85\xB1",123,"<ed><a0><bc><ed><b5><b1>"
"124","negative squared latin capital letter o","U+1F17E","\xF0\x9F\x85\xBE",124,"<ed><a0><bc><ed><b5><be>"
"125","negative squared latin capital letter p","U+1F17F","\xF0\x9F\x85\xBF",125,"<ed><a0><bc><ed><b5><bf>"
"126","negative squared ab","U+1F18E","\xF0\x9F\x86\x8E",126,"<ed><a0><bc><ed><b6><8e>"
"127","squared cl","U+1F191","\xF0\x9F\x86\x91",127,"<ed><a0><bc><ed><b6><91>"
"128","squared cool","U+1F192","\xF0\x9F\x86\x92",128,"<ed><a0><bc><ed><b6><92>"
"129","squared free","U+1F193","\xF0\x9F\x86\x93",129,"<ed><a0><bc><ed><b6><93>"
"130","squared id","U+1F194","\xF0\x9F\x86\x94",130,"<ed><a0><bc><ed><b6><94>"
"131","squared new","U+1F195","\xF0\x9F\x86\x95",131,"<ed><a0><bc><ed><b6><95>"
"132","squared ng","U+1F196","\xF0\x9F\x86\x96",132,"<ed><a0><bc><ed><b6><96>"
"133","squared ok","U+1F197","\xF0\x9F\x86\x97",133,"<ed><a0><bc><ed><b6><97>"
"134","squared sos","U+1F198","\xF0\x9F\x86\x98",134,"<ed><a0><bc><ed><b6><98>"
"135","squared up with exclamation mark","U+1F199","\xF0\x9F\x86\x99",135,"<ed><a0><bc><ed><b6><99>"
"136","squared vs","U+1F19A","\xF0\x9F\x86\x9A",136,"<ed><a0><bc><ed><b6><9a>"
"137","regional indicator symbol letter d + regional indicator symbol letter e","U+1F1E9 U+1F1EA","\xF0\x9F\x87\xA9\xF0\x9F\x87\xAA",137,"<ed><a0><bc><ed><b7><a9><ed><a0><bc><ed><b7><aa>"
"138","regional indicator symbol letter g + regional indicator symbol letter b","U+1F1EC U+1F1E7","\xF0\x9F\x87\xAC\xF0\x9F\x87\xA7",138,"<ed><a0><bc><ed><b7><ac><ed><a0><bc><ed><b7><a7>"
"139","regional indicator symbol letter c + regional indicator symbol letter n","U+1F1E8 U+1F1F3","\xF0\x9F\x87\xA8\xF0\x9F\x87\xB3",139,"<ed><a0><bc><ed><b7><a8><ed><a0><bc><ed><b7><b3>"
"140","regional indicator symbol letter j + regional indicator symbol letter p","U+1F1EF U+1F1F5","\xF0\x9F\x87\xAF\xF0\x9F\x87\xB5",140,"<ed><a0><bc><ed><b7><af><ed><a0><bc><ed><b7><b5>"
"141","regional indicator symbol letter k + regional indicator symbol letter r","U+1F1F0 U+1F1F7","\xF0\x9F\x87\xB0\xF0\x9F\x87\xB7",141,"<ed><a0><bc><ed><b7><b0><ed><a0><bc><ed><b7><b7>"
"142","regional indicator symbol letter f + regional indicator symbol letter r","U+1F1EB U+1F1F7","\xF0\x9F\x87\xAB\xF0\x9F\x87\xB7",142,"<ed><a0><bc><ed><b7><ab><ed><a0><bc><ed><b7><b7>"
"143","regional indicator symbol letter e + regional indicator symbol letter s","U+1F1EA U+1F1F8","\xF0\x9F\x87\xAA\xF0\x9F\x87\xB8",143,"<ed><a0><bc><ed><b7><aa><ed><a0><bc><ed><b7><b8>"
"144","regional indicator symbol letter i + regional indicator symbol letter t","U+1F1EE U+1F1F9","\xF0\x9F\x87\xAE\xF0\x9F\x87\xB9",144,"<ed><a0><bc><ed><b7><ae><ed><a0><bc><ed><b7><b9>"
"145","regional indicator symbol letter u + regional indicator symbol letter s","U+1F1FA U+1F1F8","\xF0\x9F\x87\xBA\xF0\x9F\x87\xB8",145,"<ed><a0><bc><ed><b7><ba><ed><a0><bc><ed><b7><b8>"
"146","regional indicator symbol letter r + regional indicator symbol letter u","U+1F1F7 U+1F1FA","\xF0\x9F\x87\xB7\xF0\x9F\x87\xBA",146,"<ed><a0><bc><ed><b7><b7><ed><a0><bc><ed><b7><ba>"
"147","squared katakana koko","U+1F201","\xF0\x9F\x88\x81",147,"<ed><a0><bc><ed><b8><81>"
"148","squared katakana sa","U+1F202","\xF0\x9F\x88\x82",148,"<ed><a0><bc><ed><b8><82>"
"149","squared cjk unified ideograph-7121","U+1F21A","\xF0\x9F\x88\x9A",149,"<ed><a0><bc><ed><b8><9a>"
"150","squared cjk unified ideograph-6307","U+1F22F","\xF0\x9F\x88\xAF",150,"<ed><a0><bc><ed><b8><af>"
"151","squared cjk unified ideograph-7981","U+1F232","\xF0\x9F\x88\xB2",151,"<ed><a0><bc><ed><b8><b2>"
"152","squared cjk unified ideograph-7a7a","U+1F233","\xF0\x9F\x88\xB3",152,"<ed><a0><bc><ed><b8><b3>"
"153","squared cjk unified ideograph-5408","U+1F234","\xF0\x9F\x88\xB4",153,"<ed><a0><bc><ed><b8><b4>"
"154","squared cjk unified ideograph-6e80","U+1F235","\xF0\x9F\x88\xB5",154,"<ed><a0><bc><ed><b8><b5>"
"155","squared cjk unified ideograph-6709","U+1F236","\xF0\x9F\x88\xB6",155,"<ed><a0><bc><ed><b8><b6>"
"156","squared cjk unified ideograph-6708","U+1F237","\xF0\x9F\x88\xB7",156,"<ed><a0><bc><ed><b8><b7>"
"157","squared cjk unified ideograph-7533","U+1F238","\xF0\x9F\x88\xB8",157,"<ed><a0><bc><ed><b8><b8>"
"158","squared cjk unified ideograph-5272","U+1F239","\xF0\x9F\x88\xB9",158,"<ed><a0><bc><ed><b8><b9>"
"159","squared cjk unified ideograph-55b6","U+1F23A","\xF0\x9F\x88\xBA",159,"<ed><a0><bc><ed><b8><ba>"
"160","circled ideograph advantage","U+1F250","\xF0\x9F\x89\x90",160,"<ed><a0><bc><ed><b9><90>"
"161","circled ideograph accept","U+1F251","\xF0\x9F\x89\x91",161,"<ed><a0><bc><ed><b9><91>"
"162","copyright sign","U+00A9","\xC2\xA9",162,"<c2><a9>"
"163","registered sign","U+00AE","\xC2\xAE",163,"<c2><ae>"
"164","double exclamation mark","U+203C","\xE2\x80\xBC",164,"<e2><80><bc>"
"165","exclamation question mark","U+2049","\xE2\x81\x89",165,"<e2><81><89>"
"166","digit eight + combining enclosing keycap","U+0038 U+20E3","\x38\xE2\x83\xA3",166,"8<e2><83><a3>"
"167","digit nine + combining enclosing keycap","U+0039 U+20E3","\x39\xE2\x83\xA3",167,"9<e2><83><a3>"
"168","digit seven + combining enclosing keycap","U+0037 U+20E3","\x37\xE2\x83\xA3",168,"7<e2><83><a3>"
"169","digit six + combining enclosing keycap","U+0036 U+20E3","\x36\xE2\x83\xA3",169,"6<e2><83><a3>"
"170","digit one + combining enclosing keycap","U+0031 U+20E3","\x31\xE2\x83\xA3",170,"1<e2><83><a3>"
"171","digit zero + combining enclosing keycap","U+0030 U+20E3","\x30\xE2\x83\xA3",171,"0<e2><83><a3>"
"172","digit two + combining enclosing keycap","U+0032 U+20E3","\x32\xE2\x83\xA3",172,"2<e2><83><a3>"
"173","digit three + combining enclosing keycap","U+0033 U+20E3","\x33\xE2\x83\xA3",173,"3<e2><83><a3>"
"174","digit five + combining enclosing keycap","U+0035 U+20E3","\x35\xE2\x83\xA3",174,"5<e2><83><a3>"
"175","digit four + combining enclosing keycap","U+0034 U+20E3","\x34\xE2\x83\xA3",175,"4<e2><83><a3>"
"176","number sign + combining enclosing keycap","U+0023 U+20E3","\x23\xE2\x83\xA3",176,"#<e2><83><a3>"
"177","trade mark sign","U+2122","\xE2\x84\xA2",177,"<e2><84><a2>"
"178","information source","U+2139","\xE2\x84\xB9",178,"<e2><84><b9>"
"179","left right arrow","U+2194","\xE2\x86\x94",179,"<e2><86><94>"
"180","up down arrow","U+2195","\xE2\x86\x95",180,"<e2><86><95>"
"181","north west arrow","U+2196","\xE2\x86\x96",181,"<e2><86><96>"
"182","north east arrow","U+2197","\xE2\x86\x97",182,"<e2><86><97>"
"183","south east arrow","U+2198","\xE2\x86\x98",183,"<e2><86><98>"
"184","south west arrow","U+2199","\xE2\x86\x99",184,"<e2><86><99>"
"185","leftwards arrow with hook","U+21A9","\xE2\x86\xA9",185,"<e2><86><a9>"
"186","rightwards arrow with hook","U+21AA","\xE2\x86\xAA",186,"<e2><86><aa>"
"187","watch","U+231A","\xE2\x8C\x9A",187,"<e2><8c><9a>"
"188","hourglass","U+231B","\xE2\x8C\x9B",188,"<e2><8c><9b>"
"189","black right-pointing double triangle","U+23E9","\xE2\x8F\xA9",189,"<e2><8f><a9>"
"190","black left-pointing double triangle","U+23EA","\xE2\x8F\xAA",190,"<e2><8f><aa>"
"191","black up-pointing double triangle","U+23EB","\xE2\x8F\xAB",191,"<e2><8f><ab>"
"192","black down-pointing double triangle","U+23EC","\xE2\x8F\xAC",192,"<e2><8f><ac>"
"193","alarm clock","U+23F0","\xE2\x8F\xB0",193,"<e2><8f><b0>"
"194","hourglass with flowing sand","U+23F3","\xE2\x8F\xB3",194,"<e2><8f><b3>"
"195","black small square","U+25AA","\xE2\x96\xAA",195,"<e2><96><aa>"
"196","white small square","U+25AB","\xE2\x96\xAB",196,"<e2><96><ab>"
"197","black right-pointing triangle","U+25B6","\xE2\x96\xB6",197,"<e2><96><b6>"
"198","black left-pointing triangle","U+25C0","\xE2\x97\x80",198,"<e2><97><80>"
"199","white medium square","U+25FB","\xE2\x97\xBB",199,"<e2><97><bb>"
"200","black medium square","U+25FC","\xE2\x97\xBC",200,"<e2><97><bc>"
"201","white medium small square","U+25FD","\xE2\x97\xBD",201,"<e2><97><bd>"
"202","black medium small square","U+25FE","\xE2\x97\xBE",202,"<e2><97><be>"
"203","black sun with rays","U+2600","\xE2\x98\x80",203,"<e2><98><80>"
"204","cloud","U+2601","\xE2\x98\x81",204,"<e2><98><81>"
"205","black telephone","U+260E","\xE2\x98\x8E",205,"<e2><98><8e>"
"206","ballot box with check","U+2611","\xE2\x98\x91",206,"<e2><98><91>"
"207","umbrella with rain drops","U+2614","\xE2\x98\x94",207,"<e2><98><94>"
"208","hot beverage","U+2615","\xE2\x98\x95",208,"<e2><98><95>"
"209","white up pointing index","U+261D","\xE2\x98\x9D",209,"<e2><98><9d>"
"210","white smiling face","U+263A","\xE2\x98\xBA",210,"<e2><98><ba>"
"211","aries","U+2648","\xE2\x99\x88",211,"<e2><99><88>"
"212","taurus","U+2649","\xE2\x99\x89",212,"<e2><99><89>"
"213","gemini","U+264A","\xE2\x99\x8A",213,"<e2><99><8a>"
"214","cancer","U+264B","\xE2\x99\x8B",214,"<e2><99><8b>"
"215","leo","U+264C","\xE2\x99\x8C",215,"<e2><99><8c>"
"216","virgo","U+264D","\xE2\x99\x8D",216,"<e2><99><8d>"
"217","libra","U+264E","\xE2\x99\x8E",217,"<e2><99><8e>"
"218","scorpius","U+264F","\xE2\x99\x8F",218,"<e2><99><8f>"
"219","sagittarius","U+2650","\xE2\x99\x90",219,"<e2><99><90>"
"220","capricorn","U+2651","\xE2\x99\x91",220,"<e2><99><91>"
"221","aquarius","U+2652","\xE2\x99\x92",221,"<e2><99><92>"
"222","pisces","U+2653","\xE2\x99\x93",222,"<e2><99><93>"
"223","black spade suit","U+2660","\xE2\x99\xA0",223,"<e2><99><a0>"
"224","black club suit","U+2663","\xE2\x99\xA3",224,"<e2><99><a3>"
"225","black heart suit","U+2665","\xE2\x99\xA5",225,"<e2><99><a5>"
"226","black diamond suit","U+2666","\xE2\x99\xA6",226,"<e2><99><a6>"
"227","hot springs","U+2668","\xE2\x99\xA8",227,"<e2><99><a8>"
"228","black universal recycling symbol","U+267B","\xE2\x99\xBB",228,"<e2><99><bb>"
"229","wheelchair symbol","U+267F","\xE2\x99\xBF",229,"<e2><99><bf>"
"230","anchor","U+2693","\xE2\x9A\x93",230,"<e2><9a><93>"
"231","warning sign","U+26A0","\xE2\x9A\xA0",231,"<e2><9a><a0>"
"232","high voltage sign","U+26A1","\xE2\x9A\xA1",232,"<e2><9a><a1>"
"233","medium white circle","U+26AA","\xE2\x9A\xAA",233,"<e2><9a><aa>"
"234","medium black circle","U+26AB","\xE2\x9A\xAB",234,"<e2><9a><ab>"
"235","soccer ball","U+26BD","\xE2\x9A\xBD",235,"<e2><9a><bd>"
"236","baseball","U+26BE","\xE2\x9A\xBE",236,"<e2><9a><be>"
"237","snowman without snow","U+26C4","\xE2\x9B\x84",237,"<e2><9b><84>"
"238","sun behind cloud","U+26C5","\xE2\x9B\x85",238,"<e2><9b><85>"
"239","ophiuchus","U+26CE","\xE2\x9B\x8E",239,"<e2><9b><8e>"
"240","no entry","U+26D4","\xE2\x9B\x94",240,"<e2><9b><94>"
"241","church","U+26EA","\xE2\x9B\xAA",241,"<e2><9b><aa>"
"242","fountain","U+26F2","\xE2\x9B\xB2",242,"<e2><9b><b2>"
"243","flag in hole","U+26F3","\xE2\x9B\xB3",243,"<e2><9b><b3>"
"244","sailboat","U+26F5","\xE2\x9B\xB5",244,"<e2><9b><b5>"
"245","tent","U+26FA","\xE2\x9B\xBA",245,"<e2><9b><ba>"
"246","fuel pump","U+26FD","\xE2\x9B\xBD",246,"<e2><9b><bd>"
"247","arrow pointing rightwards then curving upwards","U+2934","\xE2\xA4\xB4",247,"<e2><a4><b4>"
"248","arrow pointing rightwards then curving downwards","U+2935","\xE2\xA4\xB5",248,"<e2><a4><b5>"
"249","leftwards black arrow","U+2B05","\xE2\xAC\x85",249,"<e2><ac><85>"
"250","upwards black arrow","U+2B06","\xE2\xAC\x86",250,"<e2><ac><86>"
"251","downwards black arrow","U+2B07","\xE2\xAC\x87",251,"<e2><ac><87>"
"252","black large square","U+2B1B","\xE2\xAC\x9B",252,"<e2><ac><9b>"
"253","white large square","U+2B1C","\xE2\xAC\x9C",253,"<e2><ac><9c>"
"254","white medium star","U+2B50","\xE2\xAD\x90",254,"<e2><ad><90>"
"255","heavy large circle","U+2B55","\xE2\xAD\x95",255,"<e2><ad><95>"
"256","wavy dash","U+3030","\xE3\x80\xB0",256,"<e3><80><b0>"
"257","part alternation mark","U+303D","\xE3\x80\xBD",257,"<e3><80><bd>"
"258","circled ideograph congratulation","U+3297","\xE3\x8A\x97",258,"<e3><8a><97>"
"259","circled ideograph secret","U+3299","\xE3\x8A\x99",259,"<e3><8a><99>"
"260","mahjong tile red dragon","U+1F004","\xF0\x9F\x80\x84",260,"<ed><a0><bc><ed><b0><84>"
"261","playing card black joker","U+1F0CF","\xF0\x9F\x83\x8F",261,"<ed><a0><bc><ed><b3><8f>"
"262","cyclone","U+1F300","\xF0\x9F\x8C\x80",262,"<ed><a0><bc><ed><bc><80>"
"263","foggy","U+1F301","\xF0\x9F\x8C\x81",263,"<ed><a0><bc><ed><bc><81>"
"264","closed umbrella","U+1F302","\xF0\x9F\x8C\x82",264,"<ed><a0><bc><ed><bc><82>"
"265","night with stars","U+1F303","\xF0\x9F\x8C\x83",265,"<ed><a0><bc><ed><bc><83>"
"266","sunrise over mountains","U+1F304","\xF0\x9F\x8C\x84",266,"<ed><a0><bc><ed><bc><84>"
"267","sunrise","U+1F305","\xF0\x9F\x8C\x85",267,"<ed><a0><bc><ed><bc><85>"
"268","cityscape at dusk","U+1F306","\xF0\x9F\x8C\x86",268,"<ed><a0><bc><ed><bc><86>"
"269","sunset over buildings","U+1F307","\xF0\x9F\x8C\x87",269,"<ed><a0><bc><ed><bc><87>"
"270","rainbow","U+1F308","\xF0\x9F\x8C\x88",270,"<ed><a0><bc><ed><bc><88>"
"271","bridge at night","U+1F309","\xF0\x9F\x8C\x89",271,"<ed><a0><bc><ed><bc><89>"
"272","water wave","U+1F30A","\xF0\x9F\x8C\x8A",272,"<ed><a0><bc><ed><bc><8a>"
"273","volcano","U+1F30B","\xF0\x9F\x8C\x8B",273,"<ed><a0><bc><ed><bc><8b>"
"274","milky way","U+1F30C","\xF0\x9F\x8C\x8C",274,"<ed><a0><bc><ed><bc><8c>"
"275","earth globe asia-australia","U+1F30F","\xF0\x9F\x8C\x8F",275,"<ed><a0><bc><ed><bc><8f>"
"276","new moon symbol","U+1F311","\xF0\x9F\x8C\x91",276,"<ed><a0><bc><ed><bc><91>"
"277","first quarter moon symbol","U+1F313","\xF0\x9F\x8C\x93",277,"<ed><a0><bc><ed><bc><93>"
"278","waxing gibbous moon symbol","U+1F314","\xF0\x9F\x8C\x94",278,"<ed><a0><bc><ed><bc><94>"
"279","full moon symbol","U+1F315","\xF0\x9F\x8C\x95",279,"<ed><a0><bc><ed><bc><95>"
"280","crescent moon","U+1F319","\xF0\x9F\x8C\x99",280,"<ed><a0><bc><ed><bc><99>"
"281","first quarter moon with face","U+1F31B","\xF0\x9F\x8C\x9B",281,"<ed><a0><bc><ed><bc><9b>"
"282","glowing star","U+1F31F","\xF0\x9F\x8C\x9F",282,"<ed><a0><bc><ed><bc><9f>"
"283","shooting star","U+1F320","\xF0\x9F\x8C\xA0",283,"<ed><a0><bc><ed><bc><a0>"
"284","chestnut","U+1F330","\xF0\x9F\x8C\xB0",284,"<ed><a0><bc><ed><bc><b0>"
"285","seedling","U+1F331","\xF0\x9F\x8C\xB1",285,"<ed><a0><bc><ed><bc><b1>"
"286","palm tree","U+1F334","\xF0\x9F\x8C\xB4",286,"<ed><a0><bc><ed><bc><b4>"
"287","cactus","U+1F335","\xF0\x9F\x8C\xB5",287,"<ed><a0><bc><ed><bc><b5>"
"288","tulip","U+1F337","\xF0\x9F\x8C\xB7",288,"<ed><a0><bc><ed><bc><b7>"
"289","cherry blossom","U+1F338","\xF0\x9F\x8C\xB8",289,"<ed><a0><bc><ed><bc><b8>"
"290","rose","U+1F339","\xF0\x9F\x8C\xB9",290,"<ed><a0><bc><ed><bc><b9>"
"291","hibiscus","U+1F33A","\xF0\x9F\x8C\xBA",291,"<ed><a0><bc><ed><bc><ba>"
"292","sunflower","U+1F33B","\xF0\x9F\x8C\xBB",292,"<ed><a0><bc><ed><bc><bb>"
"293","blossom","U+1F33C","\xF0\x9F\x8C\xBC",293,"<ed><a0><bc><ed><bc><bc>"
"294","ear of maize","U+1F33D","\xF0\x9F\x8C\xBD",294,"<ed><a0><bc><ed><bc><bd>"
"295","ear of rice","U+1F33E","\xF0\x9F\x8C\xBE",295,"<ed><a0><bc><ed><bc><be>"
"296","herb","U+1F33F","\xF0\x9F\x8C\xBF",296,"<ed><a0><bc><ed><bc><bf>"
"297","four leaf clover","U+1F340","\xF0\x9F\x8D\x80",297,"<ed><a0><bc><ed><bd><80>"
"298","maple leaf","U+1F341","\xF0\x9F\x8D\x81",298,"<ed><a0><bc><ed><bd><81>"
"299","fallen leaf","U+1F342","\xF0\x9F\x8D\x82",299,"<ed><a0><bc><ed><bd><82>"
"300","leaf fluttering in wind","U+1F343","\xF0\x9F\x8D\x83",300,"<ed><a0><bc><ed><bd><83>"
"301","mushroom","U+1F344","\xF0\x9F\x8D\x84",301,"<ed><a0><bc><ed><bd><84>"
"302","tomato","U+1F345","\xF0\x9F\x8D\x85",302,"<ed><a0><bc><ed><bd><85>"
"303","aubergine","U+1F346","\xF0\x9F\x8D\x86",303,"<ed><a0><bc><ed><bd><86>"
"304","grapes","U+1F347","\xF0\x9F\x8D\x87",304,"<ed><a0><bc><ed><bd><87>"
"305","melon","U+1F348","\xF0\x9F\x8D\x88",305,"<ed><a0><bc><ed><bd><88>"
"306","watermelon","U+1F349","\xF0\x9F\x8D\x89",306,"<ed><a0><bc><ed><bd><89>"
"307","tangerine","U+1F34A","\xF0\x9F\x8D\x8A",307,"<ed><a0><bc><ed><bd><8a>"
"308","banana","U+1F34C","\xF0\x9F\x8D\x8C",308,"<ed><a0><bc><ed><bd><8c>"
"309","pineapple","U+1F34D","\xF0\x9F\x8D\x8D",309,"<ed><a0><bc><ed><bd><8d>"
"310","red apple","U+1F34E","\xF0\x9F\x8D\x8E",310,"<ed><a0><bc><ed><bd><8e>"
"311","green apple","U+1F34F","\xF0\x9F\x8D\x8F",311,"<ed><a0><bc><ed><bd><8f>"
"312","peach","U+1F351","\xF0\x9F\x8D\x91",312,"<ed><a0><bc><ed><bd><91>"
"313","cherries","U+1F352","\xF0\x9F\x8D\x92",313,"<ed><a0><bc><ed><bd><92>"
"314","strawberry","U+1F353","\xF0\x9F\x8D\x93",314,"<ed><a0><bc><ed><bd><93>"
"315","hamburger","U+1F354","\xF0\x9F\x8D\x94",315,"<ed><a0><bc><ed><bd><94>"
"316","slice of pizza","U+1F355","\xF0\x9F\x8D\x95",316,"<ed><a0><bc><ed><bd><95>"
"317","meat on bone","U+1F356","\xF0\x9F\x8D\x96",317,"<ed><a0><bc><ed><bd><96>"
"318","poultry leg","U+1F357","\xF0\x9F\x8D\x97",318,"<ed><a0><bc><ed><bd><97>"
"319","rice cracker","U+1F358","\xF0\x9F\x8D\x98",319,"<ed><a0><bc><ed><bd><98>"
"320","rice ball","U+1F359","\xF0\x9F\x8D\x99",320,"<ed><a0><bc><ed><bd><99>"
"321","cooked rice","U+1F35A","\xF0\x9F\x8D\x9A",321,"<ed><a0><bc><ed><bd><9a>"
"322","curry and rice","U+1F35B","\xF0\x9F\x8D\x9B",322,"<ed><a0><bc><ed><bd><9b>"
"323","steaming bowl","U+1F35C","\xF0\x9F\x8D\x9C",323,"<ed><a0><bc><ed><bd><9c>"
"324","spaghetti","U+1F35D","\xF0\x9F\x8D\x9D",324,"<ed><a0><bc><ed><bd><9d>"
"325","bread","U+1F35E","\xF0\x9F\x8D\x9E",325,"<ed><a0><bc><ed><bd><9e>"
"326","french fries","U+1F35F","\xF0\x9F\x8D\x9F",326,"<ed><a0><bc><ed><bd><9f>"
"327","roasted sweet potato","U+1F360","\xF0\x9F\x8D\xA0",327,"<ed><a0><bc><ed><bd><a0>"
"328","dango","U+1F361","\xF0\x9F\x8D\xA1",328,"<ed><a0><bc><ed><bd><a1>"
"329","oden","U+1F362","\xF0\x9F\x8D\xA2",329,"<ed><a0><bc><ed><bd><a2>"
"330","sushi","U+1F363","\xF0\x9F\x8D\xA3",330,"<ed><a0><bc><ed><bd><a3>"
"331","fried shrimp","U+1F364","\xF0\x9F\x8D\xA4",331,"<ed><a0><bc><ed><bd><a4>"
"332","fish cake with swirl design","U+1F365","\xF0\x9F\x8D\xA5",332,"<ed><a0><bc><ed><bd><a5>"
"333","soft ice cream","U+1F366","\xF0\x9F\x8D\xA6",333,"<ed><a0><bc><ed><bd><a6>"
"334","shaved ice","U+1F367","\xF0\x9F\x8D\xA7",334,"<ed><a0><bc><ed><bd><a7>"
"335","ice cream","U+1F368","\xF0\x9F\x8D\xA8",335,"<ed><a0><bc><ed><bd><a8>"
"336","doughnut","U+1F369","\xF0\x9F\x8D\xA9",336,"<ed><a0><bc><ed><bd><a9>"
"337","cookie","U+1F36A","\xF0\x9F\x8D\xAA",337,"<ed><a0><bc><ed><bd><aa>"
"338","chocolate bar","U+1F36B","\xF0\x9F\x8D\xAB",338,"<ed><a0><bc><ed><bd><ab>"
"339","candy","U+1F36C","\xF0\x9F\x8D\xAC",339,"<ed><a0><bc><ed><bd><ac>"
"340","lollipop","U+1F36D","\xF0\x9F\x8D\xAD",340,"<ed><a0><bc><ed><bd><ad>"
"341","custard","U+1F36E","\xF0\x9F\x8D\xAE",341,"<ed><a0><bc><ed><bd><ae>"
"342","honey pot","U+1F36F","\xF0\x9F\x8D\xAF",342,"<ed><a0><bc><ed><bd><af>"
"343","shortcake","U+1F370","\xF0\x9F\x8D\xB0",343,"<ed><a0><bc><ed><bd><b0>"
"344","bento box","U+1F371","\xF0\x9F\x8D\xB1",344,"<ed><a0><bc><ed><bd><b1>"
"345","pot of food","U+1F372","\xF0\x9F\x8D\xB2",345,"<ed><a0><bc><ed><bd><b2>"
"346","cooking","U+1F373","\xF0\x9F\x8D\xB3",346,"<ed><a0><bc><ed><bd><b3>"
"347","fork and knife","U+1F374","\xF0\x9F\x8D\xB4",347,"<ed><a0><bc><ed><bd><b4>"
"348","teacup without handle","U+1F375","\xF0\x9F\x8D\xB5",348,"<ed><a0><bc><ed><bd><b5>"
"349","sake bottle and cup","U+1F376","\xF0\x9F\x8D\xB6",349,"<ed><a0><bc><ed><bd><b6>"
"350","wine glass","U+1F377","\xF0\x9F\x8D\xB7",350,"<ed><a0><bc><ed><bd><b7>"
"351","cocktail glass","U+1F378","\xF0\x9F\x8D\xB8",351,"<ed><a0><bc><ed><bd><b8>"
"352","tropical drink","U+1F379","\xF0\x9F\x8D\xB9",352,"<ed><a0><bc><ed><bd><b9>"
"353","beer mug","U+1F37A","\xF0\x9F\x8D\xBA",353,"<ed><a0><bc><ed><bd><ba>"
"354","clinking beer mugs","U+1F37B","\xF0\x9F\x8D\xBB",354,"<ed><a0><bc><ed><bd><bb>"
"355","ribbon","U+1F380","\xF0\x9F\x8E\x80",355,"<ed><a0><bc><ed><be><80>"
"356","wrapped present","U+1F381","\xF0\x9F\x8E\x81",356,"<ed><a0><bc><ed><be><81>"
"357","birthday cake","U+1F382","\xF0\x9F\x8E\x82",357,"<ed><a0><bc><ed><be><82>"
"358","jack-o-lantern","U+1F383","\xF0\x9F\x8E\x83",358,"<ed><a0><bc><ed><be><83>"
"359","christmas tree","U+1F384","\xF0\x9F\x8E\x84",359,"<ed><a0><bc><ed><be><84>"
"360","father christmas","U+1F385","\xF0\x9F\x8E\x85",360,"<ed><a0><bc><ed><be><85>"
"361","fireworks","U+1F386","\xF0\x9F\x8E\x86",361,"<ed><a0><bc><ed><be><86>"
"362","firework sparkler","U+1F387","\xF0\x9F\x8E\x87",362,"<ed><a0><bc><ed><be><87>"
"363","balloon","U+1F388","\xF0\x9F\x8E\x88",363,"<ed><a0><bc><ed><be><88>"
"364","party popper","U+1F389","\xF0\x9F\x8E\x89",364,"<ed><a0><bc><ed><be><89>"
"365","confetti ball","U+1F38A","\xF0\x9F\x8E\x8A",365,"<ed><a0><bc><ed><be><8a>"
"366","tanabata tree","U+1F38B","\xF0\x9F\x8E\x8B",366,"<ed><a0><bc><ed><be><8b>"
"367","crossed flags","U+1F38C","\xF0\x9F\x8E\x8C",367,"<ed><a0><bc><ed><be><8c>"
"368","pine decoration","U+1F38D","\xF0\x9F\x8E\x8D",368,"<ed><a0><bc><ed><be><8d>"
"369","japanese dolls","U+1F38E","\xF0\x9F\x8E\x8E",369,"<ed><a0><bc><ed><be><8e>"
"370","carp streamer","U+1F38F","\xF0\x9F\x8E\x8F",370,"<ed><a0><bc><ed><be><8f>"
"371","wind chime","U+1F390","\xF0\x9F\x8E\x90",371,"<ed><a0><bc><ed><be><90>"
"372","moon viewing ceremony","U+1F391","\xF0\x9F\x8E\x91",372,"<ed><a0><bc><ed><be><91>"
"373","school satchel","U+1F392","\xF0\x9F\x8E\x92",373,"<ed><a0><bc><ed><be><92>"
"374","graduation cap","U+1F393","\xF0\x9F\x8E\x93",374,"<ed><a0><bc><ed><be><93>"
"375","carousel horse","U+1F3A0","\xF0\x9F\x8E\xA0",375,"<ed><a0><bc><ed><be><a0>"
"376","ferris wheel","U+1F3A1","\xF0\x9F\x8E\xA1",376,"<ed><a0><bc><ed><be><a1>"
"377","roller coaster","U+1F3A2","\xF0\x9F\x8E\xA2",377,"<ed><a0><bc><ed><be><a2>"
"378","fishing pole and fish","U+1F3A3","\xF0\x9F\x8E\xA3",378,"<ed><a0><bc><ed><be><a3>"
"379","microphone","U+1F3A4","\xF0\x9F\x8E\xA4",379,"<ed><a0><bc><ed><be><a4>"
"380","movie camera","U+1F3A5","\xF0\x9F\x8E\xA5",380,"<ed><a0><bc><ed><be><a5>"
"381","cinema","U+1F3A6","\xF0\x9F\x8E\xA6",381,"<ed><a0><bc><ed><be><a6>"
"382","headphone","U+1F3A7","\xF0\x9F\x8E\xA7",382,"<ed><a0><bc><ed><be><a7>"
"383","artist palette","U+1F3A8","\xF0\x9F\x8E\xA8",383,"<ed><a0><bc><ed><be><a8>"
"384","top hat","U+1F3A9","\xF0\x9F\x8E\xA9",384,"<ed><a0><bc><ed><be><a9>"
"385","circus tent","U+1F3AA","\xF0\x9F\x8E\xAA",385,"<ed><a0><bc><ed><be><aa>"
"386","ticket","U+1F3AB","\xF0\x9F\x8E\xAB",386,"<ed><a0><bc><ed><be><ab>"
"387","clapper board","U+1F3AC","\xF0\x9F\x8E\xAC",387,"<ed><a0><bc><ed><be><ac>"
"388","performing arts","U+1F3AD","\xF0\x9F\x8E\xAD",388,"<ed><a0><bc><ed><be><ad>"
"389","video game","U+1F3AE","\xF0\x9F\x8E\xAE",389,"<ed><a0><bc><ed><be><ae>"
"390","direct hit","U+1F3AF","\xF0\x9F\x8E\xAF",390,"<ed><a0><bc><ed><be><af>"
"391","slot machine","U+1F3B0","\xF0\x9F\x8E\xB0",391,"<ed><a0><bc><ed><be><b0>"
"392","billiards","U+1F3B1","\xF0\x9F\x8E\xB1",392,"<ed><a0><bc><ed><be><b1>"
"393","game die","U+1F3B2","\xF0\x9F\x8E\xB2",393,"<ed><a0><bc><ed><be><b2>"
"394","bowling","U+1F3B3","\xF0\x9F\x8E\xB3",394,"<ed><a0><bc><ed><be><b3>"
"395","flower playing cards","U+1F3B4","\xF0\x9F\x8E\xB4",395,"<ed><a0><bc><ed><be><b4>"
"396","musical note","U+1F3B5","\xF0\x9F\x8E\xB5",396,"<ed><a0><bc><ed><be><b5>"
"397","multiple musical notes","U+1F3B6","\xF0\x9F\x8E\xB6",397,"<ed><a0><bc><ed><be><b6>"
"398","saxophone","U+1F3B7","\xF0\x9F\x8E\xB7",398,"<ed><a0><bc><ed><be><b7>"
"399","guitar","U+1F3B8","\xF0\x9F\x8E\xB8",399,"<ed><a0><bc><ed><be><b8>"
"400","musical keyboard","U+1F3B9","\xF0\x9F\x8E\xB9",400,"<ed><a0><bc><ed><be><b9>"
"401","trumpet","U+1F3BA","\xF0\x9F\x8E\xBA",401,"<ed><a0><bc><ed><be><ba>"
"402","violin","U+1F3BB","\xF0\x9F\x8E\xBB",402,"<ed><a0><bc><ed><be><bb>"
"403","musical score","U+1F3BC","\xF0\x9F\x8E\xBC",403,"<ed><a0><bc><ed><be><bc>"
"404","running shirt with sash","U+1F3BD","\xF0\x9F\x8E\xBD",404,"<ed><a0><bc><ed><be><bd>"
"405","tennis racquet and ball","U+1F3BE","\xF0\x9F\x8E\xBE",405,"<ed><a0><bc><ed><be><be>"
"406","ski and ski boot","U+1F3BF","\xF0\x9F\x8E\xBF",406,"<ed><a0><bc><ed><be><bf>"
"407","basketball and hoop","U+1F3C0","\xF0\x9F\x8F\x80",407,"<ed><a0><bc><ed><bf><80>"
"408","chequered flag","U+1F3C1","\xF0\x9F\x8F\x81",408,"<ed><a0><bc><ed><bf><81>"
"409","snowboarder","U+1F3C2","\xF0\x9F\x8F\x82",409,"<ed><a0><bc><ed><bf><82>"
"410","runner","U+1F3C3","\xF0\x9F\x8F\x83",410,"<ed><a0><bc><ed><bf><83>"
"411","surfer","U+1F3C4","\xF0\x9F\x8F\x84",411,"<ed><a0><bc><ed><bf><84>"
"412","trophy","U+1F3C6","\xF0\x9F\x8F\x86",412,"<ed><a0><bc><ed><bf><86>"
"413","american football","U+1F3C8","\xF0\x9F\x8F\x88",413,"<ed><a0><bc><ed><bf><88>"
"414","swimmer","U+1F3CA","\xF0\x9F\x8F\x8A",414,"<ed><a0><bc><ed><bf><8a>"
"415","house building","U+1F3E0","\xF0\x9F\x8F\xA0",415,"<ed><a0><bc><ed><bf><a0>"
"416","house with garden","U+1F3E1","\xF0\x9F\x8F\xA1",416,"<ed><a0><bc><ed><bf><a1>"
"417","office building","U+1F3E2","\xF0\x9F\x8F\xA2",417,"<ed><a0><bc><ed><bf><a2>"
"418","japanese post office","U+1F3E3","\xF0\x9F\x8F\xA3",418,"<ed><a0><bc><ed><bf><a3>"
"419","hospital","U+1F3E5","\xF0\x9F\x8F\xA5",419,"<ed><a0><bc><ed><bf><a5>"
"420","bank","U+1F3E6","\xF0\x9F\x8F\xA6",420,"<ed><a0><bc><ed><bf><a6>"
"421","automated teller machine","U+1F3E7","\xF0\x9F\x8F\xA7",421,"<ed><a0><bc><ed><bf><a7>"
"422","hotel","U+1F3E8","\xF0\x9F\x8F\xA8",422,"<ed><a0><bc><ed><bf><a8>"
"423","love hotel","U+1F3E9","\xF0\x9F\x8F\xA9",423,"<ed><a0><bc><ed><bf><a9>"
"424","convenience store","U+1F3EA","\xF0\x9F\x8F\xAA",424,"<ed><a0><bc><ed><bf><aa>"
"425","school","U+1F3EB","\xF0\x9F\x8F\xAB",425,"<ed><a0><bc><ed><bf><ab>"
"426","department store","U+1F3EC","\xF0\x9F\x8F\xAC",426,"<ed><a0><bc><ed><bf><ac>"
"427","factory","U+1F3ED","\xF0\x9F\x8F\xAD",427,"<ed><a0><bc><ed><bf><ad>"
"428","izakaya lantern","U+1F3EE","\xF0\x9F\x8F\xAE",428,"<ed><a0><bc><ed><bf><ae>"
"429","japanese castle","U+1F3EF","\xF0\x9F\x8F\xAF",429,"<ed><a0><bc><ed><bf><af>"
"430","european castle","U+1F3F0","\xF0\x9F\x8F\xB0",430,"<ed><a0><bc><ed><bf><b0>"
"431","snail","U+1F40C","\xF0\x9F\x90\x8C",431,"<ed><a0><bd><ed><b0><8c>"
"432","snake","U+1F40D","\xF0\x9F\x90\x8D",432,"<ed><a0><bd><ed><b0><8d>"
"433","horse","U+1F40E","\xF0\x9F\x90\x8E",433,"<ed><a0><bd><ed><b0><8e>"
"434","sheep","U+1F411","\xF0\x9F\x90\x91",434,"<ed><a0><bd><ed><b0><91>"
"435","monkey","U+1F412","\xF0\x9F\x90\x92",435,"<ed><a0><bd><ed><b0><92>"
"436","chicken","U+1F414","\xF0\x9F\x90\x94",436,"<ed><a0><bd><ed><b0><94>"
"437","boar","U+1F417","\xF0\x9F\x90\x97",437,"<ed><a0><bd><ed><b0><97>"
"438","elephant","U+1F418","\xF0\x9F\x90\x98",438,"<ed><a0><bd><ed><b0><98>"
"439","octopus","U+1F419","\xF0\x9F\x90\x99",439,"<ed><a0><bd><ed><b0><99>"
"440","spiral shell","U+1F41A","\xF0\x9F\x90\x9A",440,"<ed><a0><bd><ed><b0><9a>"
"441","bug","U+1F41B","\xF0\x9F\x90\x9B",441,"<ed><a0><bd><ed><b0><9b>"
"442","ant","U+1F41C","\xF0\x9F\x90\x9C",442,"<ed><a0><bd><ed><b0><9c>"
"443","honeybee","U+1F41D","\xF0\x9F\x90\x9D",443,"<ed><a0><bd><ed><b0><9d>"
"444","lady beetle","U+1F41E","\xF0\x9F\x90\x9E",444,"<ed><a0><bd><ed><b0><9e>"
"445","fish","U+1F41F","\xF0\x9F\x90\x9F",445,"<ed><a0><bd><ed><b0><9f>"
"446","tropical fish","U+1F420","\xF0\x9F\x90\xA0",446,"<ed><a0><bd><ed><b0><a0>"
"447","blowfish","U+1F421","\xF0\x9F\x90\xA1",447,"<ed><a0><bd><ed><b0><a1>"
"448","turtle","U+1F422","\xF0\x9F\x90\xA2",448,"<ed><a0><bd><ed><b0><a2>"
"449","hatching chick","U+1F423","\xF0\x9F\x90\xA3",449,"<ed><a0><bd><ed><b0><a3>"
"450","baby chick","U+1F424","\xF0\x9F\x90\xA4",450,"<ed><a0><bd><ed><b0><a4>"
"451","front-facing baby chick","U+1F425","\xF0\x9F\x90\xA5",451,"<ed><a0><bd><ed><b0><a5>"
"452","bird","U+1F426","\xF0\x9F\x90\xA6",452,"<ed><a0><bd><ed><b0><a6>"
"453","penguin","U+1F427","\xF0\x9F\x90\xA7",453,"<ed><a0><bd><ed><b0><a7>"
"454","koala","U+1F428","\xF0\x9F\x90\xA8",454,"<ed><a0><bd><ed><b0><a8>"
"455","poodle","U+1F429","\xF0\x9F\x90\xA9",455,"<ed><a0><bd><ed><b0><a9>"
"456","bactrian camel","U+1F42B","\xF0\x9F\x90\xAB",456,"<ed><a0><bd><ed><b0><ab>"
"457","dolphin","U+1F42C","\xF0\x9F\x90\xAC",457,"<ed><a0><bd><ed><b0><ac>"
"458","mouse face","U+1F42D","\xF0\x9F\x90\xAD",458,"<ed><a0><bd><ed><b0><ad>"
"459","cow face","U+1F42E","\xF0\x9F\x90\xAE",459,"<ed><a0><bd><ed><b0><ae>"
"460","tiger face","U+1F42F","\xF0\x9F\x90\xAF",460,"<ed><a0><bd><ed><b0><af>"
"461","rabbit face","U+1F430","\xF0\x9F\x90\xB0",461,"<ed><a0><bd><ed><b0><b0>"
"462","cat face","U+1F431","\xF0\x9F\x90\xB1",462,"<ed><a0><bd><ed><b0><b1>"
"463","dragon face","U+1F432","\xF0\x9F\x90\xB2",463,"<ed><a0><bd><ed><b0><b2>"
"464","spouting whale","U+1F433","\xF0\x9F\x90\xB3",464,"<ed><a0><bd><ed><b0><b3>"
"465","horse face","U+1F434","\xF0\x9F\x90\xB4",465,"<ed><a0><bd><ed><b0><b4>"
"466","monkey face","U+1F435","\xF0\x9F\x90\xB5",466,"<ed><a0><bd><ed><b0><b5>"
"467","dog face","U+1F436","\xF0\x9F\x90\xB6",467,"<ed><a0><bd><ed><b0><b6>"
"468","pig face","U+1F437","\xF0\x9F\x90\xB7",468,"<ed><a0><bd><ed><b0><b7>"
"469","frog face","U+1F438","\xF0\x9F\x90\xB8",469,"<ed><a0><bd><ed><b0><b8>"
"470","hamster face","U+1F439","\xF0\x9F\x90\xB9",470,"<ed><a0><bd><ed><b0><b9>"
"471","wolf face","U+1F43A","\xF0\x9F\x90\xBA",471,"<ed><a0><bd><ed><b0><ba>"
"472","bear face","U+1F43B","\xF0\x9F\x90\xBB",472,"<ed><a0><bd><ed><b0><bb>"
"473","panda face","U+1F43C","\xF0\x9F\x90\xBC",473,"<ed><a0><bd><ed><b0><bc>"
"474","pig nose","U+1F43D","\xF0\x9F\x90\xBD",474,"<ed><a0><bd><ed><b0><bd>"
"475","paw prints","U+1F43E","\xF0\x9F\x90\xBE",475,"<ed><a0><bd><ed><b0><be>"
"476","eyes","U+1F440","\xF0\x9F\x91\x80",476,"<ed><a0><bd><ed><b1><80>"
"477","ear","U+1F442","\xF0\x9F\x91\x82",477,"<ed><a0><bd><ed><b1><82>"
"478","nose","U+1F443","\xF0\x9F\x91\x83",478,"<ed><a0><bd><ed><b1><83>"
"479","mouth","U+1F444","\xF0\x9F\x91\x84",479,"<ed><a0><bd><ed><b1><84>"
"480","tongue","U+1F445","\xF0\x9F\x91\x85",480,"<ed><a0><bd><ed><b1><85>"
"481","white up pointing backhand index","U+1F446","\xF0\x9F\x91\x86",481,"<ed><a0><bd><ed><b1><86>"
"482","white down pointing backhand index","U+1F447","\xF0\x9F\x91\x87",482,"<ed><a0><bd><ed><b1><87>"
"483","white left pointing backhand index","U+1F448","\xF0\x9F\x91\x88",483,"<ed><a0><bd><ed><b1><88>"
"484","white right pointing backhand index","U+1F449","\xF0\x9F\x91\x89",484,"<ed><a0><bd><ed><b1><89>"
"485","fisted hand sign","U+1F44A","\xF0\x9F\x91\x8A",485,"<ed><a0><bd><ed><b1><8a>"
"486","waving hand sign","U+1F44B","\xF0\x9F\x91\x8B",486,"<ed><a0><bd><ed><b1><8b>"
"487","ok hand sign","U+1F44C","\xF0\x9F\x91\x8C",487,"<ed><a0><bd><ed><b1><8c>"
"488","thumbs up sign","U+1F44D","\xF0\x9F\x91\x8D",488,"<ed><a0><bd><ed><b1><8d>"
"489","thumbs down sign","U+1F44E","\xF0\x9F\x91\x8E",489,"<ed><a0><bd><ed><b1><8e>"
"490","clapping hands sign","U+1F44F","\xF0\x9F\x91\x8F",490,"<ed><a0><bd><ed><b1><8f>"
"491","open hands sign","U+1F450","\xF0\x9F\x91\x90",491,"<ed><a0><bd><ed><b1><90>"
"492","crown","U+1F451","\xF0\x9F\x91\x91",492,"<ed><a0><bd><ed><b1><91>"
"493","womans hat","U+1F452","\xF0\x9F\x91\x92",493,"<ed><a0><bd><ed><b1><92>"
"494","eyeglasses","U+1F453","\xF0\x9F\x91\x93",494,"<ed><a0><bd><ed><b1><93>"
"495","necktie","U+1F454","\xF0\x9F\x91\x94",495,"<ed><a0><bd><ed><b1><94>"
"496","t-shirt","U+1F455","\xF0\x9F\x91\x95",496,"<ed><a0><bd><ed><b1><95>"
"497","jeans","U+1F456","\xF0\x9F\x91\x96",497,"<ed><a0><bd><ed><b1><96>"
"498","dress","U+1F457","\xF0\x9F\x91\x97",498,"<ed><a0><bd><ed><b1><97>"
"499","kimono","U+1F458","\xF0\x9F\x91\x98",499,"<ed><a0><bd><ed><b1><98>"
"500","bikini","U+1F459","\xF0\x9F\x91\x99",500,"<ed><a0><bd><ed><b1><99>"
"501","womans clothes","U+1F45A","\xF0\x9F\x91\x9A",501,"<ed><a0><bd><ed><b1><9a>"
"502","purse","U+1F45B","\xF0\x9F\x91\x9B",502,"<ed><a0><bd><ed><b1><9b>"
"503","handbag","U+1F45C","\xF0\x9F\x91\x9C",503,"<ed><a0><bd><ed><b1><9c>"
"504","pouch","U+1F45D","\xF0\x9F\x91\x9D",504,"<ed><a0><bd><ed><b1><9d>"
"505","mans shoe","U+1F45E","\xF0\x9F\x91\x9E",505,"<ed><a0><bd><ed><b1><9e>"
"506","athletic shoe","U+1F45F","\xF0\x9F\x91\x9F",506,"<ed><a0><bd><ed><b1><9f>"
"507","high-heeled shoe","U+1F460","\xF0\x9F\x91\xA0",507,"<ed><a0><bd><ed><b1><a0>"
"508","womans sandal","U+1F461","\xF0\x9F\x91\xA1",508,"<ed><a0><bd><ed><b1><a1>"
"509","womans boots","U+1F462","\xF0\x9F\x91\xA2",509,"<ed><a0><bd><ed><b1><a2>"
"510","footprints","U+1F463","\xF0\x9F\x91\xA3",510,"<ed><a0><bd><ed><b1><a3>"
"511","bust in silhouette","U+1F464","\xF0\x9F\x91\xA4",511,"<ed><a0><bd><ed><b1><a4>"
"512","boy","U+1F466","\xF0\x9F\x91\xA6",512,"<ed><a0><bd><ed><b1><a6>"
"513","girl","U+1F467","\xF0\x9F\x91\xA7",513,"<ed><a0><bd><ed><b1><a7>"
"514","man","U+1F468","\xF0\x9F\x91\xA8",514,"<ed><a0><bd><ed><b1><a8>"
"515","woman","U+1F469","\xF0\x9F\x91\xA9",515,"<ed><a0><bd><ed><b1><a9>"
"516","family","U+1F46A","\xF0\x9F\x91\xAA",516,"<ed><a0><bd><ed><b1><aa>"
"517","man and woman holding hands","U+1F46B","\xF0\x9F\x91\xAB",517,"<ed><a0><bd><ed><b1><ab>"
"518","police officer","U+1F46E","\xF0\x9F\x91\xAE",518,"<ed><a0><bd><ed><b1><ae>"
"519","woman with bunny ears","U+1F46F","\xF0\x9F\x91\xAF",519,"<ed><a0><bd><ed><b1><af>"
"520","bride with veil","U+1F470","\xF0\x9F\x91\xB0",520,"<ed><a0><bd><ed><b1><b0>"
"521","person with blond hair","U+1F471","\xF0\x9F\x91\xB1",521,"<ed><a0><bd><ed><b1><b1>"
"522","man with gua pi mao","U+1F472","\xF0\x9F\x91\xB2",522,"<ed><a0><bd><ed><b1><b2>"
"523","man with turban","U+1F473","\xF0\x9F\x91\xB3",523,"<ed><a0><bd><ed><b1><b3>"
"524","older man","U+1F474","\xF0\x9F\x91\xB4",524,"<ed><a0><bd><ed><b1><b4>"
"525","older woman","U+1F475","\xF0\x9F\x91\xB5",525,"<ed><a0><bd><ed><b1><b5>"
"526","baby","U+1F476","\xF0\x9F\x91\xB6",526,"<ed><a0><bd><ed><b1><b6>"
"527","construction worker","U+1F477","\xF0\x9F\x91\xB7",527,"<ed><a0><bd><ed><b1><b7>"
"528","princess","U+1F478","\xF0\x9F\x91\xB8",528,"<ed><a0><bd><ed><b1><b8>"
"529","japanese ogre","U+1F479","\xF0\x9F\x91\xB9",529,"<ed><a0><bd><ed><b1><b9>"
"530","japanese goblin","U+1F47A","\xF0\x9F\x91\xBA",530,"<ed><a0><bd><ed><b1><ba>"
"531","ghost","U+1F47B","\xF0\x9F\x91\xBB",531,"<ed><a0><bd><ed><b1><bb>"
"532","baby angel","U+1F47C","\xF0\x9F\x91\xBC",532,"<ed><a0><bd><ed><b1><bc>"
"533","extraterrestrial alien","U+1F47D","\xF0\x9F\x91\xBD",533,"<ed><a0><bd><ed><b1><bd>"
"534","alien monster","U+1F47E","\xF0\x9F\x91\xBE",534,"<ed><a0><bd><ed><b1><be>"
"535","imp","U+1F47F","\xF0\x9F\x91\xBF",535,"<ed><a0><bd><ed><b1><bf>"
"536","skull","U+1F480","\xF0\x9F\x92\x80",536,"<ed><a0><bd><ed><b2><80>"
"537","information desk person","U+1F481","\xF0\x9F\x92\x81",537,"<ed><a0><bd><ed><b2><81>"
"538","guardsman","U+1F482","\xF0\x9F\x92\x82",538,"<ed><a0><bd><ed><b2><82>"
"539","dancer","U+1F483","\xF0\x9F\x92\x83",539,"<ed><a0><bd><ed><b2><83>"
"540","lipstick","U+1F484","\xF0\x9F\x92\x84",540,"<ed><a0><bd><ed><b2><84>"
"541","nail polish","U+1F485","\xF0\x9F\x92\x85",541,"<ed><a0><bd><ed><b2><85>"
"542","face massage","U+1F486","\xF0\x9F\x92\x86",542,"<ed><a0><bd><ed><b2><86>"
"543","haircut","U+1F487","\xF0\x9F\x92\x87",543,"<ed><a0><bd><ed><b2><87>"
"544","barber pole","U+1F488","\xF0\x9F\x92\x88",544,"<ed><a0><bd><ed><b2><88>"
"545","syringe","U+1F489","\xF0\x9F\x92\x89",545,"<ed><a0><bd><ed><b2><89>"
"546","pill","U+1F48A","\xF0\x9F\x92\x8A",546,"<ed><a0><bd><ed><b2><8a>"
"547","kiss mark","U+1F48B","\xF0\x9F\x92\x8B",547,"<ed><a0><bd><ed><b2><8b>"
"548","love letter","U+1F48C","\xF0\x9F\x92\x8C",548,"<ed><a0><bd><ed><b2><8c>"
"549","ring","U+1F48D","\xF0\x9F\x92\x8D",549,"<ed><a0><bd><ed><b2><8d>"
"550","gem stone","U+1F48E","\xF0\x9F\x92\x8E",550,"<ed><a0><bd><ed><b2><8e>"
"551","kiss","U+1F48F","\xF0\x9F\x92\x8F",551,"<ed><a0><bd><ed><b2><8f>"
"552","bouquet","U+1F490","\xF0\x9F\x92\x90",552,"<ed><a0><bd><ed><b2><90>"
"553","couple with heart","U+1F491","\xF0\x9F\x92\x91",553,"<ed><a0><bd><ed><b2><91>"
"554","wedding","U+1F492","\xF0\x9F\x92\x92",554,"<ed><a0><bd><ed><b2><92>"
"555","beating heart","U+1F493","\xF0\x9F\x92\x93",555,"<ed><a0><bd><ed><b2><93>"
"556","broken heart","U+1F494","\xF0\x9F\x92\x94",556,"<ed><a0><bd><ed><b2><94>"
"557","two hearts","U+1F495","\xF0\x9F\x92\x95",557,"<ed><a0><bd><ed><b2><95>"
"558","sparkling heart","U+1F496","\xF0\x9F\x92\x96",558,"<ed><a0><bd><ed><b2><96>"
"559","growing heart","U+1F497","\xF0\x9F\x92\x97",559,"<ed><a0><bd><ed><b2><97>"
"560","heart with arrow","U+1F498","\xF0\x9F\x92\x98",560,"<ed><a0><bd><ed><b2><98>"
"561","blue heart","U+1F499","\xF0\x9F\x92\x99",561,"<ed><a0><bd><ed><b2><99>"
"562","green heart","U+1F49A","\xF0\x9F\x92\x9A",562,"<ed><a0><bd><ed><b2><9a>"
"563","yellow heart","U+1F49B","\xF0\x9F\x92\x9B",563,"<ed><a0><bd><ed><b2><9b>"
"564","purple heart","U+1F49C","\xF0\x9F\x92\x9C",564,"<ed><a0><bd><ed><b2><9c>"
"565","heart with ribbon","U+1F49D","\xF0\x9F\x92\x9D",565,"<ed><a0><bd><ed><b2><9d>"
"566","revolving hearts","U+1F49E","\xF0\x9F\x92\x9E",566,"<ed><a0><bd><ed><b2><9e>"
"567","heart decoration","U+1F49F","\xF0\x9F\x92\x9F",567,"<ed><a0><bd><ed><b2><9f>"
"568","diamond shape with a dot inside","U+1F4A0","\xF0\x9F\x92\xA0",568,"<ed><a0><bd><ed><b2><a0>"
"569","electric light bulb","U+1F4A1","\xF0\x9F\x92\xA1",569,"<ed><a0><bd><ed><b2><a1>"
"570","anger symbol","U+1F4A2","\xF0\x9F\x92\xA2",570,"<ed><a0><bd><ed><b2><a2>"
"571","bomb","U+1F4A3","\xF0\x9F\x92\xA3",571,"<ed><a0><bd><ed><b2><a3>"
"572","sleeping symbol","U+1F4A4","\xF0\x9F\x92\xA4",572,"<ed><a0><bd><ed><b2><a4>"
"573","collision symbol","U+1F4A5","\xF0\x9F\x92\xA5",573,"<ed><a0><bd><ed><b2><a5>"
"574","splashing sweat symbol","U+1F4A6","\xF0\x9F\x92\xA6",574,"<ed><a0><bd><ed><b2><a6>"
"575","droplet","U+1F4A7","\xF0\x9F\x92\xA7",575,"<ed><a0><bd><ed><b2><a7>"
"576","dash symbol","U+1F4A8","\xF0\x9F\x92\xA8",576,"<ed><a0><bd><ed><b2><a8>"
"577","pile of poo","U+1F4A9","\xF0\x9F\x92\xA9",577,"<ed><a0><bd><ed><b2><a9>"
"578","flexed biceps","U+1F4AA","\xF0\x9F\x92\xAA",578,"<ed><a0><bd><ed><b2><aa>"
"579","dizzy symbol","U+1F4AB","\xF0\x9F\x92\xAB",579,"<ed><a0><bd><ed><b2><ab>"
"580","speech balloon","U+1F4AC","\xF0\x9F\x92\xAC",580,"<ed><a0><bd><ed><b2><ac>"
"581","white flower","U+1F4AE","\xF0\x9F\x92\xAE",581,"<ed><a0><bd><ed><b2><ae>"
"582","hundred points symbol","U+1F4AF","\xF0\x9F\x92\xAF",582,"<ed><a0><bd><ed><b2><af>"
"583","money bag","U+1F4B0","\xF0\x9F\x92\xB0",583,"<ed><a0><bd><ed><b2><b0>"
"584","currency exchange","U+1F4B1","\xF0\x9F\x92\xB1",584,"<ed><a0><bd><ed><b2><b1>"
"585","heavy dollar sign","U+1F4B2","\xF0\x9F\x92\xB2",585,"<ed><a0><bd><ed><b2><b2>"
"586","credit card","U+1F4B3","\xF0\x9F\x92\xB3",586,"<ed><a0><bd><ed><b2><b3>"
"587","banknote with yen sign","U+1F4B4","\xF0\x9F\x92\xB4",587,"<ed><a0><bd><ed><b2><b4>"
"588","banknote with dollar sign","U+1F4B5","\xF0\x9F\x92\xB5",588,"<ed><a0><bd><ed><b2><b5>"
"589","money with wings","U+1F4B8","\xF0\x9F\x92\xB8",589,"<ed><a0><bd><ed><b2><b8>"
"590","chart with upwards trend and yen sign","U+1F4B9","\xF0\x9F\x92\xB9",590,"<ed><a0><bd><ed><b2><b9>"
"591","seat","U+1F4BA","\xF0\x9F\x92\xBA",591,"<ed><a0><bd><ed><b2><ba>"
"592","personal computer","U+1F4BB","\xF0\x9F\x92\xBB",592,"<ed><a0><bd><ed><b2><bb>"
"593","briefcase","U+1F4BC","\xF0\x9F\x92\xBC",593,"<ed><a0><bd><ed><b2><bc>"
"594","minidisc","U+1F4BD","\xF0\x9F\x92\xBD",594,"<ed><a0><bd><ed><b2><bd>"
"595","floppy disk","U+1F4BE","\xF0\x9F\x92\xBE",595,"<ed><a0><bd><ed><b2><be>"
"596","optical disc","U+1F4BF","\xF0\x9F\x92\xBF",596,"<ed><a0><bd><ed><b2><bf>"
"597","dvd","U+1F4C0","\xF0\x9F\x93\x80",597,"<ed><a0><bd><ed><b3><80>"
"598","file folder","U+1F4C1","\xF0\x9F\x93\x81",598,"<ed><a0><bd><ed><b3><81>"
"599","open file folder","U+1F4C2","\xF0\x9F\x93\x82",599,"<ed><a0><bd><ed><b3><82>"
"600","page with curl","U+1F4C3","\xF0\x9F\x93\x83",600,"<ed><a0><bd><ed><b3><83>"
"601","page facing up","U+1F4C4","\xF0\x9F\x93\x84",601,"<ed><a0><bd><ed><b3><84>"
"602","calendar","U+1F4C5","\xF0\x9F\x93\x85",602,"<ed><a0><bd><ed><b3><85>"
"603","tear-off calendar","U+1F4C6","\xF0\x9F\x93\x86",603,"<ed><a0><bd><ed><b3><86>"
"604","card index","U+1F4C7","\xF0\x9F\x93\x87",604,"<ed><a0><bd><ed><b3><87>"
"605","chart with upwards trend","U+1F4C8","\xF0\x9F\x93\x88",605,"<ed><a0><bd><ed><b3><88>"
"606","chart with downwards trend","U+1F4C9","\xF0\x9F\x93\x89",606,"<ed><a0><bd><ed><b3><89>"
"607","bar chart","U+1F4CA","\xF0\x9F\x93\x8A",607,"<ed><a0><bd><ed><b3><8a>"
"608","clipboard","U+1F4CB","\xF0\x9F\x93\x8B",608,"<ed><a0><bd><ed><b3><8b>"
"609","pushpin","U+1F4CC","\xF0\x9F\x93\x8C",609,"<ed><a0><bd><ed><b3><8c>"
"610","round pushpin","U+1F4CD","\xF0\x9F\x93\x8D",610,"<ed><a0><bd><ed><b3><8d>"
"611","paperclip","U+1F4CE","\xF0\x9F\x93\x8E",611,"<ed><a0><bd><ed><b3><8e>"
"612","straight ruler","U+1F4CF","\xF0\x9F\x93\x8F",612,"<ed><a0><bd><ed><b3><8f>"
"613","triangular ruler","U+1F4D0","\xF0\x9F\x93\x90",613,"<ed><a0><bd><ed><b3><90>"
"614","bookmark tabs","U+1F4D1","\xF0\x9F\x93\x91",614,"<ed><a0><bd><ed><b3><91>"
"615","ledger","U+1F4D2","\xF0\x9F\x93\x92",615,"<ed><a0><bd><ed><b3><92>"
"616","notebook","U+1F4D3","\xF0\x9F\x93\x93",616,"<ed><a0><bd><ed><b3><93>"
"617","notebook with decorative cover","U+1F4D4","\xF0\x9F\x93\x94",617,"<ed><a0><bd><ed><b3><94>"
"618","closed book","U+1F4D5","\xF0\x9F\x93\x95",618,"<ed><a0><bd><ed><b3><95>"
"619","open book","U+1F4D6","\xF0\x9F\x93\x96",619,"<ed><a0><bd><ed><b3><96>"
"620","green book","U+1F4D7","\xF0\x9F\x93\x97",620,"<ed><a0><bd><ed><b3><97>"
"621","blue book","U+1F4D8","\xF0\x9F\x93\x98",621,"<ed><a0><bd><ed><b3><98>"
"622","orange book","U+1F4D9","\xF0\x9F\x93\x99",622,"<ed><a0><bd><ed><b3><99>"
"623","books","U+1F4DA","\xF0\x9F\x93\x9A",623,"<ed><a0><bd><ed><b3><9a>"
"624","name badge","U+1F4DB","\xF0\x9F\x93\x9B",624,"<ed><a0><bd><ed><b3><9b>"
"625","scroll","U+1F4DC","\xF0\x9F\x93\x9C",625,"<ed><a0><bd><ed><b3><9c>"
"626","memo","U+1F4DD","\xF0\x9F\x93\x9D",626,"<ed><a0><bd><ed><b3><9d>"
"627","telephone receiver","U+1F4DE","\xF0\x9F\x93\x9E",627,"<ed><a0><bd><ed><b3><9e>"
"628","pager","U+1F4DF","\xF0\x9F\x93\x9F",628,"<ed><a0><bd><ed><b3><9f>"
"629","fax machine","U+1F4E0","\xF0\x9F\x93\xA0",629,"<ed><a0><bd><ed><b3><a0>"
"630","satellite antenna","U+1F4E1","\xF0\x9F\x93\xA1",630,"<ed><a0><bd><ed><b3><a1>"
"631","public address loudspeaker","U+1F4E2","\xF0\x9F\x93\xA2",631,"<ed><a0><bd><ed><b3><a2>"
"632","cheering megaphone","U+1F4E3","\xF0\x9F\x93\xA3",632,"<ed><a0><bd><ed><b3><a3>"
"633","outbox tray","U+1F4E4","\xF0\x9F\x93\xA4",633,"<ed><a0><bd><ed><b3><a4>"
"634","inbox tray","U+1F4E5","\xF0\x9F\x93\xA5",634,"<ed><a0><bd><ed><b3><a5>"
"635","package","U+1F4E6","\xF0\x9F\x93\xA6",635,"<ed><a0><bd><ed><b3><a6>"
"636","e-mail symbol","U+1F4E7","\xF0\x9F\x93\xA7",636,"<ed><a0><bd><ed><b3><a7>"
"637","incoming envelope","U+1F4E8","\xF0\x9F\x93\xA8",637,"<ed><a0><bd><ed><b3><a8>"
"638","envelope with downwards arrow above","U+1F4E9","\xF0\x9F\x93\xA9",638,"<ed><a0><bd><ed><b3><a9>"
"639","closed mailbox with lowered flag","U+1F4EA","\xF0\x9F\x93\xAA",639,"<ed><a0><bd><ed><b3><aa>"
"640","closed mailbox with raised flag","U+1F4EB","\xF0\x9F\x93\xAB",640,"<ed><a0><bd><ed><b3><ab>"
"641","postbox","U+1F4EE","\xF0\x9F\x93\xAE",641,"<ed><a0><bd><ed><b3><ae>"
"642","newspaper","U+1F4F0","\xF0\x9F\x93\xB0",642,"<ed><a0><bd><ed><b3><b0>"
"643","mobile phone","U+1F4F1","\xF0\x9F\x93\xB1",643,"<ed><a0><bd><ed><b3><b1>"
"644","mobile phone with rightwards arrow at left","U+1F4F2","\xF0\x9F\x93\xB2",644,"<ed><a0><bd><ed><b3><b2>"
"645","vibration mode","U+1F4F3","\xF0\x9F\x93\xB3",645,"<ed><a0><bd><ed><b3><b3>"
"646","mobile phone off","U+1F4F4","\xF0\x9F\x93\xB4",646,"<ed><a0><bd><ed><b3><b4>"
"647","antenna with bars","U+1F4F6","\xF0\x9F\x93\xB6",647,"<ed><a0><bd><ed><b3><b6>"
"648","camera","U+1F4F7","\xF0\x9F\x93\xB7",648,"<ed><a0><bd><ed><b3><b7>"
"649","video camera","U+1F4F9","\xF0\x9F\x93\xB9",649,"<ed><a0><bd><ed><b3><b9>"
"650","television","U+1F4FA","\xF0\x9F\x93\xBA",650,"<ed><a0><bd><ed><b3><ba>"
"651","radio","U+1F4FB","\xF0\x9F\x93\xBB",651,"<ed><a0><bd><ed><b3><bb>"
"652","videocassette","U+1F4FC","\xF0\x9F\x93\xBC",652,"<ed><a0><bd><ed><b3><bc>"
"653","clockwise downwards and upwards open circle arrows","U+1F503","\xF0\x9F\x94\x83",653,"<ed><a0><bd><ed><b4><83>"
"654","speaker with three sound waves","U+1F50A","\xF0\x9F\x94\x8A",654,"<ed><a0><bd><ed><b4><8a>"
"655","battery","U+1F50B","\xF0\x9F\x94\x8B",655,"<ed><a0><bd><ed><b4><8b>"
"656","electric plug","U+1F50C","\xF0\x9F\x94\x8C",656,"<ed><a0><bd><ed><b4><8c>"
"657","left-pointing magnifying glass","U+1F50D","\xF0\x9F\x94\x8D",657,"<ed><a0><bd><ed><b4><8d>"
"658","right-pointing magnifying glass","U+1F50E","\xF0\x9F\x94\x8E",658,"<ed><a0><bd><ed><b4><8e>"
"659","lock with ink pen","U+1F50F","\xF0\x9F\x94\x8F",659,"<ed><a0><bd><ed><b4><8f>"
"660","closed lock with key","U+1F510","\xF0\x9F\x94\x90",660,"<ed><a0><bd><ed><b4><90>"
"661","key","U+1F511","\xF0\x9F\x94\x91",661,"<ed><a0><bd><ed><b4><91>"
"662","lock","U+1F512","\xF0\x9F\x94\x92",662,"<ed><a0><bd><ed><b4><92>"
"663","open lock","U+1F513","\xF0\x9F\x94\x93",663,"<ed><a0><bd><ed><b4><93>"
"664","bell","U+1F514","\xF0\x9F\x94\x94",664,"<ed><a0><bd><ed><b4><94>"
"665","bookmark","U+1F516","\xF0\x9F\x94\x96",665,"<ed><a0><bd><ed><b4><96>"
"666","link symbol","U+1F517","\xF0\x9F\x94\x97",666,"<ed><a0><bd><ed><b4><97>"
"667","radio button","U+1F518","\xF0\x9F\x94\x98",667,"<ed><a0><bd><ed><b4><98>"
"668","back with leftwards arrow above","U+1F519","\xF0\x9F\x94\x99",668,"<ed><a0><bd><ed><b4><99>"
"669","end with leftwards arrow above","U+1F51A","\xF0\x9F\x94\x9A",669,"<ed><a0><bd><ed><b4><9a>"
"670","on with exclamation mark with left right arrow above","U+1F51B","\xF0\x9F\x94\x9B",670,"<ed><a0><bd><ed><b4><9b>"
"671","soon with rightwards arrow above","U+1F51C","\xF0\x9F\x94\x9C",671,"<ed><a0><bd><ed><b4><9c>"
"672","top with upwards arrow above","U+1F51D","\xF0\x9F\x94\x9D",672,"<ed><a0><bd><ed><b4><9d>"
"673","no one under eighteen symbol","U+1F51E","\xF0\x9F\x94\x9E",673,"<ed><a0><bd><ed><b4><9e>"
"674","keycap ten","U+1F51F","\xF0\x9F\x94\x9F",674,"<ed><a0><bd><ed><b4><9f>"
"675","input symbol for latin capital letters","U+1F520","\xF0\x9F\x94\xA0",675,"<ed><a0><bd><ed><b4><a0>"
"676","input symbol for latin small letters","U+1F521","\xF0\x9F\x94\xA1",676,"<ed><a0><bd><ed><b4><a1>"
"677","input symbol for numbers","U+1F522","\xF0\x9F\x94\xA2",677,"<ed><a0><bd><ed><b4><a2>"
"678","input symbol for symbols","U+1F523","\xF0\x9F\x94\xA3",678,"<ed><a0><bd><ed><b4><a3>"
"679","input symbol for latin letters","U+1F524","\xF0\x9F\x94\xA4",679,"<ed><a0><bd><ed><b4><a4>"
"680","fire","U+1F525","\xF0\x9F\x94\xA5",680,"<ed><a0><bd><ed><b4><a5>"
"681","electric torch","U+1F526","\xF0\x9F\x94\xA6",681,"<ed><a0><bd><ed><b4><a6>"
"682","wrench","U+1F527","\xF0\x9F\x94\xA7",682,"<ed><a0><bd><ed><b4><a7>"
"683","hammer","U+1F528","\xF0\x9F\x94\xA8",683,"<ed><a0><bd><ed><b4><a8>"
"684","nut and bolt","U+1F529","\xF0\x9F\x94\xA9",684,"<ed><a0><bd><ed><b4><a9>"
"685","hocho","U+1F52A","\xF0\x9F\x94\xAA",685,"<ed><a0><bd><ed><b4><aa>"
"686","pistol","U+1F52B","\xF0\x9F\x94\xAB",686,"<ed><a0><bd><ed><b4><ab>"
"687","crystal ball","U+1F52E","\xF0\x9F\x94\xAE",687,"<ed><a0><bd><ed><b4><ae>"
"688","six pointed star with middle dot","U+1F52F","\xF0\x9F\x94\xAF",688,"<ed><a0><bd><ed><b4><af>"
"689","japanese symbol for beginner","U+1F530","\xF0\x9F\x94\xB0",689,"<ed><a0><bd><ed><b4><b0>"
"690","trident emblem","U+1F531","\xF0\x9F\x94\xB1",690,"<ed><a0><bd><ed><b4><b1>"
"691","black square button","U+1F532","\xF0\x9F\x94\xB2",691,"<ed><a0><bd><ed><b4><b2>"
"692","white square button","U+1F533","\xF0\x9F\x94\xB3",692,"<ed><a0><bd><ed><b4><b3>"
"693","large red circle","U+1F534","\xF0\x9F\x94\xB4",693,"<ed><a0><bd><ed><b4><b4>"
"694","large blue circle","U+1F535","\xF0\x9F\x94\xB5",694,"<ed><a0><bd><ed><b4><b5>"
"695","large orange diamond","U+1F536","\xF0\x9F\x94\xB6",695,"<ed><a0><bd><ed><b4><b6>"
"696","large blue diamond","U+1F537","\xF0\x9F\x94\xB7",696,"<ed><a0><bd><ed><b4><b7>"
"697","small orange diamond","U+1F538","\xF0\x9F\x94\xB8",697,"<ed><a0><bd><ed><b4><b8>"
"698","small blue diamond","U+1F539","\xF0\x9F\x94\xB9",698,"<ed><a0><bd><ed><b4><b9>"
"699","up-pointing red triangle","U+1F53A","\xF0\x9F\x94\xBA",699,"<ed><a0><bd><ed><b4><ba>"
"700","down-pointing red triangle","U+1F53B","\xF0\x9F\x94\xBB",700,"<ed><a0><bd><ed><b4><bb>"
"701","up-pointing small red triangle","U+1F53C","\xF0\x9F\x94\xBC",701,"<ed><a0><bd><ed><b4><bc>"
"702","down-pointing small red triangle","U+1F53D","\xF0\x9F\x94\xBD",702,"<ed><a0><bd><ed><b4><bd>"
"703","clock face one oclock","U+1F550","\xF0\x9F\x95\x90",703,"<ed><a0><bd><ed><b5><90>"
"704","clock face two oclock","U+1F551","\xF0\x9F\x95\x91",704,"<ed><a0><bd><ed><b5><91>"
"705","clock face three oclock","U+1F552","\xF0\x9F\x95\x92",705,"<ed><a0><bd><ed><b5><92>"
"706","clock face four oclock","U+1F553","\xF0\x9F\x95\x93",706,"<ed><a0><bd><ed><b5><93>"
"707","clock face five oclock","U+1F554","\xF0\x9F\x95\x94",707,"<ed><a0><bd><ed><b5><94>"
"708","clock face six oclock","U+1F555","\xF0\x9F\x95\x95",708,"<ed><a0><bd><ed><b5><95>"
"709","clock face seven oclock","U+1F556","\xF0\x9F\x95\x96",709,"<ed><a0><bd><ed><b5><96>"
"710","clock face eight oclock","U+1F557","\xF0\x9F\x95\x97",710,"<ed><a0><bd><ed><b5><97>"
"711","clock face nine oclock","U+1F558","\xF0\x9F\x95\x98",711,"<ed><a0><bd><ed><b5><98>"
"712","clock face ten oclock","U+1F559","\xF0\x9F\x95\x99",712,"<ed><a0><bd><ed><b5><99>"
"713","clock face eleven oclock","U+1F55A","\xF0\x9F\x95\x9A",713,"<ed><a0><bd><ed><b5><9a>"
"714","clock face twelve oclock","U+1F55B","\xF0\x9F\x95\x9B",714,"<ed><a0><bd><ed><b5><9b>"
"715","mount fuji","U+1F5FB","\xF0\x9F\x97\xBB",715,"<ed><a0><bd><ed><b7><bb>"
"716","tokyo tower","U+1F5FC","\xF0\x9F\x97\xBC",716,"<ed><a0><bd><ed><b7><bc>"
"717","statue of liberty","U+1F5FD","\xF0\x9F\x97\xBD",717,"<ed><a0><bd><ed><b7><bd>"
"718","silhouette of japan","U+1F5FE","\xF0\x9F\x97\xBE",718,"<ed><a0><bd><ed><b7><be>"
"719","moyai","U+1F5FF","\xF0\x9F\x97\xBF",719,"<ed><a0><bd><ed><b7><bf>"
"720","grinning face","U+1F600","\xF0\x9F\x98\x80",720,"<ed><a0><bd><ed><b8><80>"
"721","smiling face with halo","U+1F607","\xF0\x9F\x98\x87",721,"<ed><a0><bd><ed><b8><87>"
"722","smiling face with horns","U+1F608","\xF0\x9F\x98\x88",722,"<ed><a0><bd><ed><b8><88>"
"723","smiling face with sunglasses","U+1F60E","\xF0\x9F\x98\x8E",723,"<ed><a0><bd><ed><b8><8e>"
"724","neutral face","U+1F610","\xF0\x9F\x98\x90",724,"<ed><a0><bd><ed><b8><90>"
"725","expressionless face","U+1F611","\xF0\x9F\x98\x91",725,"<ed><a0><bd><ed><b8><91>"
"726","confused face","U+1F615","\xF0\x9F\x98\x95",726,"<ed><a0><bd><ed><b8><95>"
"727","kissing face","U+1F617","\xF0\x9F\x98\x97",727,"<ed><a0><bd><ed><b8><97>"
"728","kissing face with smiling eyes","U+1F619","\xF0\x9F\x98\x99",728,"<ed><a0><bd><ed><b8><99>"
"729","face with stuck-out tongue","U+1F61B","\xF0\x9F\x98\x9B",729,"<ed><a0><bd><ed><b8><9b>"
"730","worried face","U+1F61F","\xF0\x9F\x98\x9F",730,"<ed><a0><bd><ed><b8><9f>"
"731","frowning face with open mouth","U+1F626","\xF0\x9F\x98\xA6",731,"<ed><a0><bd><ed><b8><a6>"
"732","anguished face","U+1F627","\xF0\x9F\x98\xA7",732,"<ed><a0><bd><ed><b8><a7>"
"733","grimacing face","U+1F62C","\xF0\x9F\x98\xAC",733,"<ed><a0><bd><ed><b8><ac>"
"734","face with open mouth","U+1F62E","\xF0\x9F\x98\xAE",734,"<ed><a0><bd><ed><b8><ae>"
"735","hushed face","U+1F62F","\xF0\x9F\x98\xAF",735,"<ed><a0><bd><ed><b8><af>"
"736","sleeping face","U+1F634","\xF0\x9F\x98\xB4",736,"<ed><a0><bd><ed><b8><b4>"
"737","face without mouth","U+1F636","\xF0\x9F\x98\xB6",737,"<ed><a0><bd><ed><b8><b6>"
"738","helicopter","U+1F681","\xF0\x9F\x9A\x81",738,"<ed><a0><bd><ed><ba><81>"
"739","steam locomotive","U+1F682","\xF0\x9F\x9A\x82",739,"<ed><a0><bd><ed><ba><82>"
"740","train","U+1F686","\xF0\x9F\x9A\x86",740,"<ed><a0><bd><ed><ba><86>"
"741","light rail","U+1F688","\xF0\x9F\x9A\x88",741,"<ed><a0><bd><ed><ba><88>"
"742","tram","U+1F68A","\xF0\x9F\x9A\x8A",742,"<ed><a0><bd><ed><ba><8a>"
"743","oncoming bus","U+1F68D","\xF0\x9F\x9A\x8D",743,"<ed><a0><bd><ed><ba><8d>"
"744","trolleybus","U+1F68E","\xF0\x9F\x9A\x8E",744,"<ed><a0><bd><ed><ba><8e>"
"745","minibus","U+1F690","\xF0\x9F\x9A\x90",745,"<ed><a0><bd><ed><ba><90>"
"746","oncoming police car","U+1F694","\xF0\x9F\x9A\x94",746,"<ed><a0><bd><ed><ba><94>"
"747","oncoming taxi","U+1F696","\xF0\x9F\x9A\x96",747,"<ed><a0><bd><ed><ba><96>"
"748","oncoming automobile","U+1F698","\xF0\x9F\x9A\x98",748,"<ed><a0><bd><ed><ba><98>"
"749","articulated lorry","U+1F69B","\xF0\x9F\x9A\x9B",749,"<ed><a0><bd><ed><ba><9b>"
"750","tractor","U+1F69C","\xF0\x9F\x9A\x9C",750,"<ed><a0><bd><ed><ba><9c>"
"751","monorail","U+1F69D","\xF0\x9F\x9A\x9D",751,"<ed><a0><bd><ed><ba><9d>"
"752","mountain railway","U+1F69E","\xF0\x9F\x9A\x9E",752,"<ed><a0><bd><ed><ba><9e>"
"753","suspension railway","U+1F69F","\xF0\x9F\x9A\x9F",753,"<ed><a0><bd><ed><ba><9f>"
"754","mountain cableway","U+1F6A0","\xF0\x9F\x9A\xA0",754,"<ed><a0><bd><ed><ba><a0>"
"755","aerial tramway","U+1F6A1","\xF0\x9F\x9A\xA1",755,"<ed><a0><bd><ed><ba><a1>"
"756","rowboat","U+1F6A3","\xF0\x9F\x9A\xA3",756,"<ed><a0><bd><ed><ba><a3>"
"757","vertical traffic light","U+1F6A6","\xF0\x9F\x9A\xA6",757,"<ed><a0><bd><ed><ba><a6>"
"758","put litter in its place symbol","U+1F6AE","\xF0\x9F\x9A\xAE",758,"<ed><a0><bd><ed><ba><ae>"
"759","do not litter symbol","U+1F6AF","\xF0\x9F\x9A\xAF",759,"<ed><a0><bd><ed><ba><af>"
"760","potable water symbol","U+1F6B0","\xF0\x9F\x9A\xB0",760,"<ed><a0><bd><ed><ba><b0>"
"761","non-potable water symbol","U+1F6B1","\xF0\x9F\x9A\xB1",761,"<ed><a0><bd><ed><ba><b1>"
"762","no bicycles","U+1F6B3","\xF0\x9F\x9A\xB3",762,"<ed><a0><bd><ed><ba><b3>"
"763","bicyclist","U+1F6B4","\xF0\x9F\x9A\xB4",763,"<ed><a0><bd><ed><ba><b4>"
"764","mountain bicyclist","U+1F6B5","\xF0\x9F\x9A\xB5",764,"<ed><a0><bd><ed><ba><b5>"
"765","no pedestrians","U+1F6B7","\xF0\x9F\x9A\xB7",765,"<ed><a0><bd><ed><ba><b7>"
"766","children crossing","U+1F6B8","\xF0\x9F\x9A\xB8",766,"<ed><a0><bd><ed><ba><b8>"
"767","shower","U+1F6BF","\xF0\x9F\x9A\xBF",767,"<ed><a0><bd><ed><ba><bf>"
"768","bathtub","U+1F6C1","\xF0\x9F\x9B\x81",768,"<ed><a0><bd><ed><bb><81>"
"769","passport control","U+1F6C2","\xF0\x9F\x9B\x82",769,"<ed><a0><bd><ed><bb><82>"
"770","customs","U+1F6C3","\xF0\x9F\x9B\x83",770,"<ed><a0><bd><ed><bb><83>"
"771","baggage claim","U+1F6C4","\xF0\x9F\x9B\x84",771,"<ed><a0><bd><ed><bb><84>"
"772","left luggage","U+1F6C5","\xF0\x9F\x9B\x85",772,"<ed><a0><bd><ed><bb><85>"
"773","earth globe europe-africa","U+1F30D","\xF0\x9F\x8C\x8D",773,"<ed><a0><bc><ed><bc><8d>"
"774","earth globe americas","U+1F30E","\xF0\x9F\x8C\x8E",774,"<ed><a0><bc><ed><bc><8e>"
"775","globe with meridians","U+1F310","\xF0\x9F\x8C\x90",775,"<ed><a0><bc><ed><bc><90>"
"776","waxing crescent moon symbol","U+1F312","\xF0\x9F\x8C\x92",776,"<ed><a0><bc><ed><bc><92>"
"777","waning gibbous moon symbol","U+1F316","\xF0\x9F\x8C\x96",777,"<ed><a0><bc><ed><bc><96>"
"778","last quarter moon symbol","U+1F317","\xF0\x9F\x8C\x97",778,"<ed><a0><bc><ed><bc><97>"
"779","waning crescent moon symbol","U+1F318","\xF0\x9F\x8C\x98",779,"<ed><a0><bc><ed><bc><98>"
"780","new moon with face","U+1F31A","\xF0\x9F\x8C\x9A",780,"<ed><a0><bc><ed><bc><9a>"
"781","last quarter moon with face","U+1F31C","\xF0\x9F\x8C\x9C",781,"<ed><a0><bc><ed><bc><9c>"
"782","full moon with face","U+1F31D","\xF0\x9F\x8C\x9D",782,"<ed><a0><bc><ed><bc><9d>"
"783","sun with face","U+1F31E","\xF0\x9F\x8C\x9E",783,"<ed><a0><bc><ed><bc><9e>"
"784","evergreen tree","U+1F332","\xF0\x9F\x8C\xB2",784,"<ed><a0><bc><ed><bc><b2>"
"785","deciduous tree","U+1F333","\xF0\x9F\x8C\xB3",785,"<ed><a0><bc><ed><bc><b3>"
"786","lemon","U+1F34B","\xF0\x9F\x8D\x8B",786,"<ed><a0><bc><ed><bd><8b>"
"787","pear","U+1F350","\xF0\x9F\x8D\x90",787,"<ed><a0><bc><ed><bd><90>"
"788","baby bottle","U+1F37C","\xF0\x9F\x8D\xBC",788,"<ed><a0><bc><ed><bd><bc>"
"789","horse racing","U+1F3C7","\xF0\x9F\x8F\x87",789,"<ed><a0><bc><ed><bf><87>"
"790","rugby football","U+1F3C9","\xF0\x9F\x8F\x89",790,"<ed><a0><bc><ed><bf><89>"
"791","european post office","U+1F3E4","\xF0\x9F\x8F\xA4",791,"<ed><a0><bc><ed><bf><a4>"
"792","rat","U+1F400","\xF0\x9F\x90\x80",792,"<ed><a0><bd><ed><b0><80>"
"793","mouse","U+1F401","\xF0\x9F\x90\x81",793,"<ed><a0><bd><ed><b0><81>"
"794","ox","U+1F402","\xF0\x9F\x90\x82",794,"<ed><a0><bd><ed><b0><82>"
"795","water buffalo","U+1F403","\xF0\x9F\x90\x83",795,"<ed><a0><bd><ed><b0><83>"
"796","cow","U+1F404","\xF0\x9F\x90\x84",796,"<ed><a0><bd><ed><b0><84>"
"797","tiger","U+1F405","\xF0\x9F\x90\x85",797,"<ed><a0><bd><ed><b0><85>"
"798","leopard","U+1F406","\xF0\x9F\x90\x86",798,"<ed><a0><bd><ed><b0><86>"
"799","rabbit","U+1F407","\xF0\x9F\x90\x87",799,"<ed><a0><bd><ed><b0><87>"
"800","cat","U+1F408","\xF0\x9F\x90\x88",800,"<ed><a0><bd><ed><b0><88>"
"801","dragon","U+1F409","\xF0\x9F\x90\x89",801,"<ed><a0><bd><ed><b0><89>"
"802","crocodile","U+1F40A","\xF0\x9F\x90\x8A",802,"<ed><a0><bd><ed><b0><8a>"
"803","whale","U+1F40B","\xF0\x9F\x90\x8B",803,"<ed><a0><bd><ed><b0><8b>"
"804","ram","U+1F40F","\xF0\x9F\x90\x8F",804,"<ed><a0><bd><ed><b0><8f>"
"805","goat","U+1F410","\xF0\x9F\x90\x90",805,"<ed><a0><bd><ed><b0><90>"
"806","rooster","U+1F413","\xF0\x9F\x90\x93",806,"<ed><a0><bd><ed><b0><93>"
"807","dog","U+1F415","\xF0\x9F\x90\x95",807,"<ed><a0><bd><ed><b0><95>"
"808","pig","U+1F416","\xF0\x9F\x90\x96",808,"<ed><a0><bd><ed><b0><96>"
"809","dromedary camel","U+1F42A","\xF0\x9F\x90\xAA",809,"<ed><a0><bd><ed><b0><aa>"
"810","busts in silhouette","U+1F465","\xF0\x9F\x91\xA5",810,"<ed><a0><bd><ed><b1><a5>"
"811","two men holding hands","U+1F46C","\xF0\x9F\x91\xAC",811,"<ed><a0><bd><ed><b1><ac>"
"812","two women holding hands","U+1F46D","\xF0\x9F\x91\xAD",812,"<ed><a0><bd><ed><b1><ad>"
"813","thought balloon","U+1F4AD","\xF0\x9F\x92\xAD",813,"<ed><a0><bd><ed><b2><ad>"
"814","banknote with euro sign","U+1F4B6","\xF0\x9F\x92\xB6",814,"<ed><a0><bd><ed><b2><b6>"
"815","banknote with pound sign","U+1F4B7","\xF0\x9F\x92\xB7",815,"<ed><a0><bd><ed><b2><b7>"
"816","open mailbox with raised flag","U+1F4EC","\xF0\x9F\x93\xAC",816,"<ed><a0><bd><ed><b3><ac>"
"817","open mailbox with lowered flag","U+1F4ED","\xF0\x9F\x93\xAD",817,"<ed><a0><bd><ed><b3><ad>"
"818","postal horn","U+1F4EF","\xF0\x9F\x93\xAF",818,"<ed><a0><bd><ed><b3><af>"
"819","no mobile phones","U+1F4F5","\xF0\x9F\x93\xB5",819,"<ed><a0><bd><ed><b3><b5>"
"820","twisted rightwards arrows","U+1F500","\xF0\x9F\x94\x80",820,"<ed><a0><bd><ed><b4><80>"
"821","clockwise rightwards and leftwards open circle arrows","U+1F501","\xF0\x9F\x94\x81",821,"<ed><a0><bd><ed><b4><81>"
"822","clockwise rightwards and leftwards open circle arrows with circled one overlay","U+1F502","\xF0\x9F\x94\x82",822,"<ed><a0><bd><ed><b4><82>"
"823","anticlockwise downwards and upwards open circle arrows","U+1F504","\xF0\x9F\x94\x84",823,"<ed><a0><bd><ed><b4><84>"
"824","low brightness symbol","U+1F505","\xF0\x9F\x94\x85",824,"<ed><a0><bd><ed><b4><85>"
"825","high brightness symbol","U+1F506","\xF0\x9F\x94\x86",825,"<ed><a0><bd><ed><b4><86>"
"826","speaker with cancellation stroke","U+1F507","\xF0\x9F\x94\x87",826,"<ed><a0><bd><ed><b4><87>"
"827","speaker with one sound wave","U+1F509","\xF0\x9F\x94\x89",827,"<ed><a0><bd><ed><b4><89>"
"828","bell with cancellation stroke","U+1F515","\xF0\x9F\x94\x95",828,"<ed><a0><bd><ed><b4><95>"
"829","microscope","U+1F52C","\xF0\x9F\x94\xAC",829,"<ed><a0><bd><ed><b4><ac>"
"830","telescope","U+1F52D","\xF0\x9F\x94\xAD",830,"<ed><a0><bd><ed><b4><ad>"
"831","clock face one-thirty","U+1F55C","\xF0\x9F\x95\x9C",831,"<ed><a0><bd><ed><b5><9c>"
"832","clock face two-thirty","U+1F55D","\xF0\x9F\x95\x9D",832,"<ed><a0><bd><ed><b5><9d>"
"833","clock face three-thirty","U+1F55E","\xF0\x9F\x95\x9E",833,"<ed><a0><bd><ed><b5><9e>"
"834","clock face four-thirty","U+1F55F","\xF0\x9F\x95\x9F",834,"<ed><a0><bd><ed><b5><9f>"
"835","clock face five-thirty","U+1F560","\xF0\x9F\x95\xA0",835,"<ed><a0><bd><ed><b5><a0>"
"836","clock face six-thirty","U+1F561","\xF0\x9F\x95\xA1",836,"<ed><a0><bd><ed><b5><a1>"
"837","clock face seven-thirty","U+1F562","\xF0\x9F\x95\xA2",837,"<ed><a0><bd><ed><b5><a2>"
"838","clock face eight-thirty","U+1F563","\xF0\x9F\x95\xA3",838,"<ed><a0><bd><ed><b5><a3>"
"839","clock face nine-thirty","U+1F564","\xF0\x9F\x95\xA4",839,"<ed><a0><bd><ed><b5><a4>"
"840","clock face ten-thirty","U+1F565","\xF0\x9F\x95\xA5",840,"<ed><a0><bd><ed><b5><a5>"
"841","clock face eleven-thirty","U+1F566","\xF0\x9F\x95\xA6",841,"<ed><a0><bd><ed><b5><a6>"
"842","clock face twelve-thirty","U+1F567","\xF0\x9F\x95\xA7",842,"<ed><a0><bd><ed><b5><a7>"
