"","count","X","name","unicode","bytes","emojiid","rencoding","dens","dens_sm"
"1",48748,2,"face with tears of joy","U+1F602","\xF0\x9F\x98\x82",2,"<ed><a0><bd><ed><b8><82>",26.8,0.0268371285940469
"2",7867,32,"loudly crying face","U+1F62D","\xF0\x9F\x98\xAD",32,"<ed><a0><bd><ed><b8><ad>",4.3,0.00433146377931776
"3",7712,490,"clapping hands sign","U+1F44F","\xF0\x9F\x91\x8F",490,"<ed><a0><bd><ed><b1><8f>",4.2,0.0042461337226586
"4",7567,680,"fire","U+1F525","\xF0\x9F\x94\xA5",680,"<ed><a0><bd><ed><b4><a5>",4.2,0.00416630883094519
"5",6824,81,"heavy black heart","U+2764","\xE2\x9D\xA4",81,"<e2><9d><a4>",3.8,0.00375727507547581
"6",6540,488,"thumbs up sign","U+1F44D","\xF0\x9F\x91\x8D",488,"<ed><a0><bd><ed><b1><8d>",3.6,0.00360092839101645
"7",4377,536,"skull","U+1F480","\xF0\x9F\x92\x80",536,"<ed><a0><bd><ed><b2><80>",2.4,0.00241016121325027
"8",3078,55,"person raising both hands in celebration","U+1F64C","\xF0\x9F\x99\x8C",55,"<ed><a0><bd><ed><b9><8c>",1.7,0.00169504028679707
"9",3028,582,"hundred points symbol","U+1F4AF","\xF0\x9F\x92\xAF",582,"<ed><a0><bd><ed><b2><af>",1.7,0.00166751446206831
"10",2769,489,"thumbs down sign","U+1F44E","\xF0\x9F\x91\x8E",489,"<ed><a0><bd><ed><b1><8e>",1.5,0.00152493068997333
"11",2605,8,"smiling face with smiling eyes","U+1F60A","\xF0\x9F\x98\x8A",8,"<ed><a0><bd><ed><b8><8a>",1.4,0.001434645984863
"12",2468,58,"person with folded hands","U+1F64F","\xF0\x9F\x99\x8F",58,"<ed><a0><bd><ed><b9><8f>",1.4,0.00135922522510619
"13",2184,739,"steam locomotive","U+1F682","\xF0\x9F\x9A\x82",739,"<ed><a0><bd><ed><ba><82>",1.2,0.00120287854064683
"14",2160,36,"flushed face","U+1F633","\xF0\x9F\x98\xB3",36,"<ed><a0><bd><ed><b8><b3>",1.2,0.00118966614477703
"15",2051,11,"smiling face with heart-shaped eyes","U+1F60D","\xF0\x9F\x98\x8D",11,"<ed><a0><bd><ed><b8><8d>",1.1,0.00112965984686833
"16",2038,164,"double exclamation mark","U+203C","\xE2\x80\xBC",164,"<e2><80><bc>",1.1,0.00112250313243885
"17",1948,23,"pouting face","U+1F621","\xF0\x9F\x98\xA1",23,"<ed><a0><bd><ed><b8><a1>",1.1,0.00107295664792709
"18",1933,80,"heavy exclamation mark symbol","U+2757","\xE2\x9D\x97",80,"<e2><9d><97>",1.1,0.00106469890050846
"19",1910,723,"smiling face with sunglasses","U+1F60E","\xF0\x9F\x98\x8E",723,"<ed><a0><bd><ed><b8><8e>",1.1,0.00105203702113323
"20",1886,13,"unamused face","U+1F612","\xF0\x9F\x98\x92",13,"<ed><a0><bd><ed><b8><92>",1,0.00103882462526342
"21",1647,29,"weary face","U+1F629","\xF0\x9F\x98\xA9",29,"<ed><a0><bd><ed><b8><a9>",0.9,0.000907251183059947
"22",1624,364,"party popper","U+1F389","\xF0\x9F\x8E\x89",364,"<ed><a0><bc><ed><be><89>",0.9,0.000894589303684717
"23",1588,487,"ok hand sign","U+1F44C","\xF0\x9F\x91\x8C",487,"<ed><a0><bd><ed><b1><8c>",0.9,0.000874770709880009
"24",1575,476,"eyes","U+1F440","\xF0\x9F\x91\x80",476,"<ed><a0><bd><ed><b1><80>",0.9,0.000867613995450532
"25",1565,577,"pile of poo","U+1F4A9","\xF0\x9F\x92\xA9",577,"<ed><a0><bd><ed><b2><a9>",0.9,0.00086210883050478
"26",1560,63,"raised fist","U+270A","\xE2\x9C\x8A",63,"<e2><9c><8a>",0.9,0.000859356248031904
"27",1546,65,"victory hand","U+270C","\xE2\x9C\x8C",65,"<e2><9c><8c>",0.9,0.000851649017107851
"28",1417,485,"fisted hand sign","U+1F44A","\xF0\x9F\x91\x8A",485,"<ed><a0><bd><ed><b1><8a>",0.8,0.000780632389307648
"29",1406,68,"heavy check mark","U+2714","\xE2\x9C\x94",68,"<e2><9c><94>",0.8,0.000774576707867321
"30",1303,1,"grinning face with smiling eyes","U+1F601","\xF0\x9F\x98\x81",1,"<ed><a0><bd><ed><b8><81>",0.7,0.000717873508926074
"31",1240,561,"blue heart","U+1F499","\xF0\x9F\x92\x99",561,"<ed><a0><bd><ed><b2><99>",0.7,0.000683190969767836
"32",1165,4,"smiling face with open mouth and smiling eyes","U+1F604","\xF0\x9F\x98\x84",4,"<ed><a0><bd><ed><b8><84>",0.6,0.000641902232674695
"33",1165,19,"face with stuck-out tongue and winking eye","U+1F61C","\xF0\x9F\x98\x9C",19,"<ed><a0><bd><ed><b8><9c>",0.6,0.000641902232674695
"34",1164,7,"winking face","U+1F609","\xF0\x9F\x98\x89",7,"<ed><a0><bd><ed><b8><89>",0.6,0.00064135171618012
"35",1114,34,"face screaming in fear","U+1F631","\xF0\x9F\x98\xB1",34,"<ed><a0><bd><ed><b8><b1>",0.6,0.00061382589145136
"36",1093,578,"flexed biceps","U+1F4AA","\xF0\x9F\x92\xAA",578,"<ed><a0><bd><ed><b2><aa>",0.6,0.00060226504506528
"37",1085,720,"grinning face","U+1F600","\xF0\x9F\x98\x80",720,"<ed><a0><bd><ed><b8><80>",0.6,0.000597860913108679
"38",1062,482,"white down pointing backhand index","U+1F447","\xF0\x9F\x91\x87",482,"<ed><a0><bd><ed><b1><87>",0.6,0.000585199033733449
"39",1025,6,"smiling face with open mouth and tightly-closed eyes","U+1F606","\xF0\x9F\x98\x86",6,"<ed><a0><bd><ed><b8><86>",0.6,0.000564829923434166
"40",979,484,"white right pointing backhand index","U+1F449","\xF0\x9F\x91\x89",484,"<ed><a0><bd><ed><b1><89>",0.5,0.000539506164683706
"41",962,725,"expressionless face","U+1F611","\xF0\x9F\x98\x91",725,"<ed><a0><bd><ed><b8><91>",0.5,0.000530147384275928
"42",961,576,"dash symbol","U+1F4A8","\xF0\x9F\x92\xA8",576,"<ed><a0><bd><ed><b2><a8>",0.5,0.000529596867781352
"43",958,5,"smiling face with open mouth and cold sweat","U+1F605","\xF0\x9F\x98\x85",5,"<ed><a0><bd><ed><b8><85>",0.5,0.000527945318297627
"44",909,724,"neutral face","U+1F610","\xF0\x9F\x98\x90",724,"<ed><a0><bd><ed><b8><90>",0.5,0.000500970010063442
"45",876,210,"white smiling face","U+263A","\xE2\x98\xBA",210,"<e2><98><ba>",0.5,0.00048280296574246
"46",873,232,"high voltage sign","U+26A1","\xE2\x9A\xA1",232,"<e2><9a><a1>",0.5,0.000481151416258734
"47",819,106,"police cars revolving light","U+1F6A8","\xF0\x9F\x9A\xA8",106,"<ed><a0><bd><ed><ba><a8>",0.5,0.000451423525551673
"48",792,12,"smirking face","U+1F60F","\xF0\x9F\x98\x8F",12,"<ed><a0><bd><ed><b8><8f>",0.4,0.000436559580198142
"49",789,17,"face throwing a kiss","U+1F618","\xF0\x9F\x98\x98",17,"<ed><a0><bd><ed><b8><98>",0.4,0.000434908030714416
"50",777,282,"glowing star","U+1F31F","\xF0\x9F\x8C\x9F",282,"<ed><a0><bc><ed><bc><9f>",0.4,0.000428301832779514
"51",773,726,"confused face","U+1F615","\xF0\x9F\x98\x95",726,"<ed><a0><bd><ed><b8><95>",0.4,0.000426099766801213
"52",757,20,"face with stuck-out tongue and tightly-closed eyes","U+1F61D","\xF0\x9F\x98\x9D",20,"<ed><a0><bd><ed><b8><9d>",0.4,0.00041729150288801
"53",740,54,"happy person raising one hand","U+1F64B","\xF0\x9F\x99\x8B",54,"<ed><a0><bd><ed><b9><8b>",0.4,0.000407932722480231
"54",708,24,"crying face","U+1F622","\xF0\x9F\x98\xA2",24,"<ed><a0><bd><ed><b8><a2>",0.4,0.000390316194653824
"55",667,736,"sleeping face","U+1F634","\xF0\x9F\x98\xB4",736,"<ed><a0><bd><ed><b8><b4>",0.4,0.000367745018376241
"56",643,686,"pistol","U+1F52B","\xF0\x9F\x94\xAB",686,"<ed><a0><bd><ed><b4><ab>",0.4,0.000354532622506436
"57",628,3,"smiling face with open mouth","U+1F603","\xF0\x9F\x98\x83",3,"<ed><a0><bd><ed><b8><83>",0.3,0.000346274875087807
"58",599,557,"two hearts","U+1F495","\xF0\x9F\x92\x95",557,"<ed><a0><bd><ed><b2><95>",0.3,0.000330309896745126
"59",599,583,"money bag","U+1F4B0","\xF0\x9F\x92\xB0",583,"<ed><a0><bd><ed><b2><b0>",0.3,0.000330309896745126
"60",598,558,"sparkling heart","U+1F496","\xF0\x9F\x92\x96",558,"<ed><a0><bd><ed><b2><96>",0.3,0.000329759380250551
"61",591,722,"smiling face with horns","U+1F608","\xF0\x9F\x98\x88",722,"<ed><a0><bd><ed><b8><88>",0.3,0.000325905764788525
"62",588,564,"purple heart","U+1F49C","\xF0\x9F\x92\x9C",564,"<ed><a0><bd><ed><b2><9c>",0.3,0.000324254215304799
"63",565,38,"face with medical mask","U+1F637","\xF0\x9F\x98\xB7",38,"<ed><a0><bd><ed><b8><b7>",0.3,0.000311592335929569
"64",561,15,"pensive face","U+1F614","\xF0\x9F\x98\x94",15,"<ed><a0><bd><ed><b8><94>",0.3,0.000309390269951268
"65",547,758,"put litter in its place symbol","U+1F6AE","\xF0\x9F\x9A\xAE",758,"<ed><a0><bd><ed><ba><ae>",0.3,0.000301683039027215
"66",537,60,"white heavy check mark","U+2705","\xE2\x9C\x85",60,"<e2><9c><85>",0.3,0.000296177874081463
"67",528,51,"see-no-evil monkey","U+1F648","\xF0\x9F\x99\x88",51,"<ed><a0><bd><ed><b9><88>",0.3,0.000291223225630286
"68",517,733,"grimacing face","U+1F62C","\xF0\x9F\x98\xAC",733,"<ed><a0><bd><ed><b8><ac>",0.3,0.000285167544189959
"69",506,88,"railway car","U+1F683","\xF0\x9F\x9A\x83",88,"<ed><a0><bd><ed><ba><83>",0.3,0.000279111862749632
"70",504,40,"cat face with tears of joy","U+1F639","\xF0\x9F\x98\xB9",40,"<ed><a0><bd><ed><b8><b9>",0.3,0.000278010829760481
"71",487,21,"disappointed face","U+1F61E","\xF0\x9F\x98\x9E",21,"<ed><a0><bd><ed><b8><9e>",0.3,0.000268652049352703
"72",472,208,"hot beverage","U+2615","\xE2\x98\x95",208,"<e2><98><95>",0.3,0.000260394301934075
"73",470,26,"face with look of triumph","U+1F624","\xF0\x9F\x98\xA4",26,"<ed><a0><bd><ed><b8><a4>",0.3,0.000259293268944924
"74",465,432,"snake","U+1F40D","\xF0\x9F\x90\x8D",432,"<ed><a0><bd><ed><b0><8d>",0.3,0.000256540686472048
"75",457,16,"confounded face","U+1F616","\xF0\x9F\x98\x96",16,"<ed><a0><bd><ed><b8><96>",0.3,0.000252136554515446
"76",457,573,"collision symbol","U+1F4A5","\xF0\x9F\x92\xA5",573,"<ed><a0><bd><ed><b2><a5>",0.3,0.000252136554515446
"77",450,486,"waving hand sign","U+1F44B","\xF0\x9F\x91\x8B",486,"<ed><a0><bd><ed><b1><8b>",0.2,0.00024828293905342
"78",448,579,"dizzy symbol","U+1F4AB","\xF0\x9F\x92\xAB",579,"<ed><a0><bd><ed><b2><ab>",0.2,0.000247181906064269
"79",439,203,"black sun with rays","U+2600","\xE2\x98\x80",203,"<e2><98><80>",0.2,0.000242227257613093
"80",429,547,"kiss mark","U+1F48B","\xF0\x9F\x92\x8B",547,"<ed><a0><bd><ed><b2><8b>",0.2,0.00023672209266734
"81",428,31,"tired face","U+1F62B","\xF0\x9F\x98\xAB",31,"<ed><a0><bd><ed><b8><ab>",0.2,0.000236171576172765
"82",423,572,"sleeping symbol","U+1F4A4","\xF0\x9F\x92\xA4",572,"<ed><a0><bd><ed><b2><a4>",0.2,0.000233418993699889
"83",412,721,"smiling face with halo","U+1F607","\xF0\x9F\x98\x87",721,"<ed><a0><bd><ed><b8><87>",0.2,0.000227363312259562
"84",407,109,"no entry sign","U+1F6AB","\xF0\x9F\x9A\xAB",109,"<ed><a0><bd><ed><ba><ab>",0.2,0.000224610729786686
"85",386,539,"dancer","U+1F483","\xF0\x9F\x92\x83",539,"<ed><a0><bd><ed><b2><83>",0.2,0.000213049883400606
"86",376,537,"information desk person","U+1F481","\xF0\x9F\x92\x81",537,"<ed><a0><bd><ed><b2><81>",0.2,0.000207544718454854
"87",375,524,"older man","U+1F474","\xF0\x9F\x91\xB4",524,"<ed><a0><bd><ed><b1><b4>",0.2,0.000206994201960279
"88",373,70,"sparkles","U+2728","\xE2\x9C\xA8",70,"<e2><9c><a8>",0.2,0.000205893168971129
"89",371,805,"goat","U+1F410","\xF0\x9F\x90\x90",805,"<ed><a0><bd><ed><b0><90>",0.2,0.000204792135981978
"90",356,559,"growing heart","U+1F497","\xF0\x9F\x92\x97",559,"<ed><a0><bd><ed><b2><97>",0.2,0.00019653438856335
"91",352,469,"frog face","U+1F438","\xF0\x9F\x90\xB8",469,"<ed><a0><bd><ed><b0><b8>",0.2,0.000194332322585049
"92",348,529,"japanese ogre","U+1F479","\xF0\x9F\x91\xB9",529,"<ed><a0><bd><ed><b1><b9>",0.2,0.000192130256606748
"93",341,22,"angry face","U+1F620","\xF0\x9F\x98\xA0",22,"<ed><a0><bd><ed><b8><a0>",0.2,0.000188276641144722
"94",337,438,"elephant","U+1F418","\xF0\x9F\x90\x98",438,"<ed><a0><bd><ed><b0><98>",0.2,0.000186074575166421
"95",335,254,"white medium star","U+2B50","\xE2\xAD\x90",254,"<e2><ad><90>",0.2,0.000184973542177271
"96",316,717,"statue of liberty","U+1F5FD","\xF0\x9F\x97\xBD",717,"<ed><a0><bd><ed><b7><bd>",0.2,0.000174513728780342
"97",309,556,"broken heart","U+1F494","\xF0\x9F\x92\x94",556,"<ed><a0><bd><ed><b2><94>",0.2,0.000170660113318315
"98",302,729,"face with stuck-out tongue","U+1F61B","\xF0\x9F\x98\x9B",729,"<ed><a0><bd><ed><b8><9b>",0.2,0.000166806497856289
"99",296,30,"sleepy face","U+1F62A","\xF0\x9F\x98\xAA",30,"<ed><a0><bd><ed><b8><aa>",0.2,0.000163503398888837
"100",281,397,"multiple musical notes","U+1F3B6","\xF0\x9F\x8E\xB6",397,"<ed><a0><bc><ed><be><b6>",0.2,0.000155245651470209
"101",280,574,"splashing sweat symbol","U+1F4A6","\xF0\x9F\x92\xA6",574,"<ed><a0><bd><ed><b2><a6>",0.2,0.000154695134975634
"102",274,28,"fearful face","U+1F628","\xF0\x9F\x98\xA8",28,"<ed><a0><bd><ed><b8><a8>",0.2,0.000151392036008183
"103",273,10,"relieved face","U+1F60C","\xF0\x9F\x98\x8C",10,"<ed><a0><bd><ed><b8><8c>",0.2,0.000150841519513608
"104",268,732,"anguished face","U+1F627","\xF0\x9F\x98\xA7",732,"<ed><a0><bd><ed><b8><a7>",0.1,0.000148088937040732
"105",256,390,"direct hit","U+1F3AF","\xF0\x9F\x8E\xAF",390,"<ed><a0><bc><ed><be><af>",0.1,0.000141482739105829
"106",248,53,"speak-no-evil monkey","U+1F64A","\xF0\x9F\x99\x8A",53,"<ed><a0><bd><ed><b9><8a>",0.1,0.000137078607149227
"107",245,75,"cross mark","U+274C","\xE2\x9D\x8C",75,"<e2><9d><8c>",0.1,0.000135427057665502
"108",239,85,"black rightwards arrow","U+27A1","\xE2\x9E\xA1",85,"<e2><9e><a1>",0.1,0.000132123958698051
"109",233,77,"black question mark ornament","U+2753","\xE2\x9D\x93",77,"<e2><9d><93>",0.1,0.000128820859730599
"110",233,734,"face with open mouth","U+1F62E","\xF0\x9F\x98\xAE",734,"<ed><a0><bd><ed><b8><ae>",0.1,0.000128820859730599
"111",220,251,"downwards black arrow","U+2B07","\xE2\xAC\x87",251,"<e2><ac><87>",0.1,0.000121664145301122
"112",216,52,"hear-no-evil monkey","U+1F649","\xF0\x9F\x99\x89",52,"<ed><a0><bd><ed><b9><89>",0.1,0.000119462079322821
"113",215,64,"raised hand","U+270B","\xE2\x9C\x8B",64,"<e2><9c><8b>",0.1,0.000118911562828245
"114",214,562,"green heart","U+1F49A","\xF0\x9F\x92\x9A",562,"<ed><a0><bd><ed><b2><9a>",0.1,0.00011836104633367
"115",210,35,"astonished face","U+1F632","\xF0\x9F\x98\xB2",35,"<ed><a0><bd><ed><b8><b2>",0.1,0.000116158980355369
"116",209,48,"face with no good gesture","U+1F645","\xF0\x9F\x99\x85",48,"<ed><a0><bd><ed><b9><85>",0.1,0.000115608463860794
"117",204,225,"black heart suit","U+2665","\xE2\x99\xA5",225,"<e2><99><a5>",0.1,0.000112855881387918
"118",204,363,"balloon","U+1F388","\xF0\x9F\x8E\x88",363,"<ed><a0><bc><ed><be><88>",0.1,0.000112855881387918
"119",203,354,"clinking beer mugs","U+1F37B","\xF0\x9F\x8D\xBB",354,"<ed><a0><bc><ed><bd><bb>",0.1,0.000112305364893343
"120",200,483,"white left pointing backhand index","U+1F448","\xF0\x9F\x91\x88",483,"<ed><a0><bd><ed><b1><88>",0.1,0.000110653815409617
"121",198,47,"weary cat face","U+1F640","\xF0\x9F\x99\x80",47,"<ed><a0><bd><ed><b9><80>",0.1,0.000109552782420467
"122",195,492,"crown","U+1F451","\xF0\x9F\x91\x91",492,"<ed><a0><bd><ed><b1><91>",0.1,0.000107901232936741
"123",194,49,"face with ok gesture","U+1F646","\xF0\x9F\x99\x86",49,"<ed><a0><bd><ed><b9><86>",0.1,0.000107350716442166
"124",192,209,"white up pointing index","U+261D","\xE2\x98\x9D",209,"<e2><98><9d>",0.1,0.000106249683453016
"125",190,541,"nail polish","U+1F485","\xF0\x9F\x92\x85",541,"<ed><a0><bd><ed><b2><85>",0.1,0.000105148650463865
"126",185,37,"dizzy face","U+1F635","\xF0\x9F\x98\xB5",37,"<ed><a0><bd><ed><b8><b5>",0.1,0.000102396067990989
"127",185,563,"yellow heart","U+1F49B","\xF0\x9F\x92\x9B",563,"<ed><a0><bd><ed><b2><9b>",0.1,0.000102396067990989
"128",184,412,"trophy","U+1F3C6","\xF0\x9F\x8F\x86",412,"<ed><a0><bc><ed><bf><86>",0.1,0.000101845551496414
"129",183,9,"face savouring delicious food","U+1F60B","\xF0\x9F\x98\x8B",9,"<ed><a0><bd><ed><b8><8b>",0.1,0.000101295035001839
"130",183,231,"warning sign","U+26A0","\xE2\x9A\xA0",231,"<e2><9a><a0>",0.1,0.000101295035001839
"131",180,33,"face with open mouth and cold sweat","U+1F630","\xF0\x9F\x98\xB0",33,"<ed><a0><bd><ed><b8><b0>",0.1,9.96434855181131e-05
"132",177,535,"imp","U+1F47F","\xF0\x9F\x91\xBF",535,"<ed><a0><bd><ed><b1><bf>",0.1,9.79919360343875e-05
"133",177,555,"beating heart","U+1F493","\xF0\x9F\x92\x93",555,"<ed><a0><bd><ed><b2><93>",0.1,9.79919360343875e-05
"134",177,589,"money with wings","U+1F4B8","\xF0\x9F\x92\xB8",589,"<ed><a0><bd><ed><b2><b8>",0.1,9.79919360343875e-05
"135",175,566,"revolving hearts","U+1F49E","\xF0\x9F\x92\x9E",566,"<ed><a0><bd><ed><b2><9e>",0.1,9.6890903045237e-05
"136",174,206,"ballot box with check","U+2611","\xE2\x98\x91",206,"<e2><98><91>",0.1,9.63403865506618e-05
"137",174,350,"wine glass","U+1F377","\xF0\x9F\x8D\xB7",350,"<ed><a0><bc><ed><bd><b7>",0.1,9.63403865506618e-05
"138",171,730,"worried face","U+1F61F","\xF0\x9F\x98\x9F",730,"<ed><a0><bd><ed><b8><9f>",0.1,9.46888370669362e-05
"139",170,14,"face with cold sweat","U+1F613","\xF0\x9F\x98\x93",14,"<ed><a0><bd><ed><b8><93>",0.1,9.4138320572361e-05
"140",169,165,"exclamation question mark","U+2049","\xE2\x81\x89",165,"<e2><81><89>",0.1,9.35878040777858e-05
"141",167,25,"persevering face","U+1F623","\xF0\x9F\x98\xA3",25,"<ed><a0><bd><ed><b8><a3>",0.1,9.24867710886354e-05
"142",164,774,"earth globe americas","U+1F30E","\xF0\x9F\x8C\x8E",774,"<ed><a0><bc><ed><bc><8e>",0.1,9.08352216049097e-05
"143",163,27,"disappointed but relieved face","U+1F625","\xF0\x9F\x98\xA5",27,"<ed><a0><bd><ed><b8><a5>",0.1,9.02847051103345e-05
"144",162,560,"heart with arrow","U+1F498","\xF0\x9F\x92\x98",560,"<ed><a0><bd><ed><b2><98>",0.1,8.97341886157593e-05
"145",161,737,"face without mouth","U+1F636","\xF0\x9F\x98\xB6",737,"<ed><a0><bd><ed><b8><b6>",0.1,8.91836721211841e-05
"146",158,788,"baby bottle","U+1F37C","\xF0\x9F\x8D\xBC",788,"<ed><a0><bc><ed><bd><bc>",0.1,8.75321226374585e-05
"147",152,731,"frowning face with open mouth","U+1F626","\xF0\x9F\x98\xA6",731,"<ed><a0><bd><ed><b8><a6>",0.1,8.42290236700072e-05
"148",152,780,"new moon with face","U+1F31A","\xF0\x9F\x8C\x9A",780,"<ed><a0><bc><ed><bc><9a>",0.1,8.42290236700072e-05
"149",150,270,"rainbow","U+1F308","\xF0\x9F\x8C\x88",270,"<ed><a0><bc><ed><bc><88>",0.1,8.31279906808568e-05
"150",148,783,"sun with face","U+1F31E","\xF0\x9F\x8C\x9E",783,"<ed><a0><bc><ed><bc><9e>",0.1,8.20269576917064e-05
"151",143,61,"airplane","U+2708","\xE2\x9C\x88",61,"<e2><9c><88>",0.1,7.92743752188303e-05
"152",141,530,"japanese goblin","U+1F47A","\xF0\x9F\x91\xBA",530,"<ed><a0><bd><ed><b1><ba>",0.1,7.81733422296799e-05
"153",136,480,"tongue","U+1F445","\xF0\x9F\x91\x85",480,"<ed><a0><bd><ed><b1><85>",0.1,7.54207597568038e-05
"154",134,42,"smiling cat face with heart-shaped eyes","U+1F63B","\xF0\x9F\x98\xBB",42,"<ed><a0><bd><ed><b8><bb>",0.1,7.43197267676534e-05
"155",132,287,"cactus","U+1F335","\xF0\x9F\x8C\xB5",287,"<ed><a0><bc><ed><bc><b5>",0.1,7.3218693778503e-05
"156",125,286,"palm tree","U+1F334","\xF0\x9F\x8C\xB4",286,"<ed><a0><bc><ed><bc><b4>",0.1,6.93650783164765e-05
"157",124,443,"honeybee","U+1F41D","\xF0\x9F\x90\x9D",443,"<ed><a0><bd><ed><b0><9d>",0.1,6.88145618219013e-05
"158",124,571,"bomb","U+1F4A3","\xF0\x9F\x92\xA3",571,"<ed><a0><bd><ed><b2><a3>",0.1,6.88145618219013e-05
"159",123,410,"runner","U+1F3C3","\xF0\x9F\x8F\x83",410,"<ed><a0><bc><ed><bf><83>",0.1,6.82640453273261e-05
"160",122,177,"trade mark sign","U+2122","\xE2\x84\xA2",177,"<e2><84><a2>",0.1,6.77135288327509e-05
"161",120,585,"heavy dollar sign","U+1F4B2","\xF0\x9F\x92\xB2",585,"<ed><a0><bd><ed><b2><b2>",0.1,6.66124958436005e-05
"162",119,661,"key","U+1F511","\xF0\x9F\x94\x91",661,"<ed><a0><bd><ed><b4><91>",0.1,6.60619793490253e-05
"163",114,518,"police officer","U+1F46E","\xF0\x9F\x91\xAE",518,"<ed><a0><bd><ed><b1><ae>",0.1,6.33093968761492e-05
"164",113,379,"microphone","U+1F3A4","\xF0\x9F\x8E\xA4",379,"<ed><a0><bc><ed><be><a4>",0.1,6.2758880381574e-05
"165",113,452,"bird","U+1F426","\xF0\x9F\x90\xA6",452,"<ed><a0><bd><ed><b0><a6>",0.1,6.2758880381574e-05
"166",113,735,"hushed face","U+1F62F","\xF0\x9F\x98\xAF",735,"<ed><a0><bd><ed><b8><af>",0.1,6.2758880381574e-05
"167",107,588,"banknote with dollar sign","U+1F4B5","\xF0\x9F\x92\xB5",588,"<ed><a0><bd><ed><b2><b5>",0.1,5.94557814141227e-05
"168",105,288,"tulip","U+1F337","\xF0\x9F\x8C\xB7",288,"<ed><a0><bc><ed><bc><b7>",0.1,5.83547484249723e-05
"169",104,407,"basketball and hoop","U+1F3C0","\xF0\x9F\x8F\x80",407,"<ed><a0><bc><ed><bf><80>",0.1,5.78042319303971e-05
"170",101,467,"dog face","U+1F436","\xF0\x9F\x90\xB6",467,"<ed><a0><bd><ed><b0><b6>",0.1,5.61526824466715e-05
"171",95,131,"squared new","U+1F195","\xF0\x9F\x86\x95",131,"<ed><a0><bc><ed><b6><95>",0.1,5.28495834792202e-05
"172",93,290,"rose","U+1F339","\xF0\x9F\x8C\xB9",290,"<ed><a0><bc><ed><bc><b9>",0.1,5.17485504900698e-05
"173",93,396,"musical note","U+1F3B5","\xF0\x9F\x8E\xB5",396,"<ed><a0><bc><ed><be><b5>",0.1,5.17485504900698e-05
"174",91,465,"horse face","U+1F434","\xF0\x9F\x90\xB4",465,"<ed><a0><bd><ed><b0><b4>",0.1,5.06475175009194e-05
"175",89,532,"baby angel","U+1F47C","\xF0\x9F\x91\xBC",532,"<ed><a0><bd><ed><b1><bc>",0,4.95464845117689e-05
"176",88,468,"pig face","U+1F437","\xF0\x9F\x90\xB7",468,"<ed><a0><bd><ed><b0><b7>",0,4.89959680171937e-05
"177",87,357,"birthday cake","U+1F382","\xF0\x9F\x8E\x82",357,"<ed><a0><bc><ed><be><82>",0,4.84454515226185e-05
"178",87,528,"princess","U+1F478","\xF0\x9F\x91\xB8",528,"<ed><a0><bd><ed><b1><b8>",0,4.84454515226185e-05
"179",86,491,"open hands sign","U+1F450","\xF0\x9F\x91\x90",491,"<ed><a0><bd><ed><b1><90>",0,4.78949350280433e-05
"180",85,403,"musical score","U+1F3BC","\xF0\x9F\x8E\xBC",403,"<ed><a0><bc><ed><be><bc>",0,4.73444185334681e-05
"181",85,531,"ghost","U+1F47B","\xF0\x9F\x91\xBB",531,"<ed><a0><bd><ed><b1><bb>",0,4.73444185334681e-05
"182",83,650,"television","U+1F4FA","\xF0\x9F\x93\xBA",650,"<ed><a0><bd><ed><b3><ba>",0,4.62433855443177e-05
"183",82,515,"woman","U+1F469","\xF0\x9F\x91\xA9",515,"<ed><a0><bd><ed><b1><a9>",0,4.56928690497425e-05
"184",81,250,"upwards black arrow","U+2B06","\xE2\xAC\x86",250,"<e2><ac><86>",0,4.51423525551673e-05
"185",81,297,"four leaf clover","U+1F340","\xF0\x9F\x8D\x80",297,"<ed><a0><bc><ed><bd><80>",0,4.51423525551673e-05
"186",81,693,"large red circle","U+1F534","\xF0\x9F\x94\xB4",693,"<ed><a0><bd><ed><b4><b4>",0,4.51423525551673e-05
"187",81,801,"dragon","U+1F409","\xF0\x9F\x90\x89",801,"<ed><a0><bd><ed><b0><89>",0,4.51423525551673e-05
"188",80,87,"rocket","U+1F680","\xF0\x9F\x9A\x80",87,"<ed><a0><bd><ed><ba><80>",0,4.4591836060592e-05
"189",80,519,"woman with bunny ears","U+1F46F","\xF0\x9F\x91\xAF",519,"<ed><a0><bd><ed><b1><af>",0,4.4591836060592e-05
"190",79,134,"squared sos","U+1F198","\xF0\x9F\x86\x98",134,"<ed><a0><bc><ed><b6><98>",0,4.40413195660168e-05
"191",79,477,"ear","U+1F442","\xF0\x9F\x91\x82",477,"<ed><a0><bd><ed><b1><82>",0,4.40413195660168e-05
"192",78,365,"confetti ball","U+1F38A","\xF0\x9F\x8E\x8A",365,"<ed><a0><bc><ed><be><8a>",0,4.34908030714416e-05
"193",78,533,"extraterrestrial alien","U+1F47D","\xF0\x9F\x91\xBD",533,"<ed><a0><bd><ed><b1><bd>",0,4.34908030714416e-05
"194",77,73,"snowflake","U+2744","\xE2\x9D\x84",73,"<e2><9d><84>",0,4.29402865768664e-05
"195",77,228,"black universal recycling symbol","U+267B","\xE2\x99\xBB",228,"<e2><99><bb>",0,4.29402865768664e-05
"196",74,514,"man","U+1F468","\xF0\x9F\x91\xA8",514,"<ed><a0><bd><ed><b1><a8>",0,4.12887370931408e-05
"197",73,303,"aubergine","U+1F346","\xF0\x9F\x8D\x86",303,"<ed><a0><bc><ed><bd><86>",0,4.07382205985656e-05
"198",73,792,"rat","U+1F400","\xF0\x9F\x90\x80",792,"<ed><a0><bd><ed><b0><80>",0,4.07382205985656e-05
"199",72,50,"person bowing deeply","U+1F647","\xF0\x9F\x99\x87",50,"<ed><a0><bd><ed><b9><87>",0,4.01877041039904e-05
"200",72,408,"chequered flag","U+1F3C1","\xF0\x9F\x8F\x81",408,"<ed><a0><bc><ed><bf><81>",0,4.01877041039904e-05
"201",72,449,"hatching chick","U+1F423","\xF0\x9F\x90\xA3",449,"<ed><a0><bd><ed><b0><a3>",0,4.01877041039904e-05
"202",72,479,"mouth","U+1F444","\xF0\x9F\x91\x84",479,"<ed><a0><bd><ed><b1><84>",0,4.01877041039904e-05
"203",72,711,"clock face nine oclock","U+1F558","\xF0\x9F\x95\x98",711,"<ed><a0><bd><ed><b5><98>",0,4.01877041039904e-05
"204",72,806,"rooster","U+1F413","\xF0\x9F\x90\x93",806,"<ed><a0><bd><ed><b0><93>",0,4.01877041039904e-05
"205",69,312,"peach","U+1F351","\xF0\x9F\x8D\x91",312,"<ed><a0><bc><ed><bd><91>",0,3.85361546202647e-05
"206",68,289,"cherry blossom","U+1F338","\xF0\x9F\x8C\xB8",289,"<ed><a0><bc><ed><bc><b8>",0,3.79856381256895e-05
"207",68,461,"rabbit face","U+1F430","\xF0\x9F\x90\xB0",461,"<ed><a0><bd><ed><b0><b0>",0,3.79856381256895e-05
"208",68,481,"white up pointing backhand index","U+1F446","\xF0\x9F\x91\x86",481,"<ed><a0><bd><ed><b1><86>",0,3.79856381256895e-05
"209",68,685,"hocho","U+1F52A","\xF0\x9F\x94\xAA",685,"<ed><a0><bd><ed><b4><aa>",0,3.79856381256895e-05
"210",67,304,"grapes","U+1F347","\xF0\x9F\x8D\x87",304,"<ed><a0><bc><ed><bd><87>",0,3.74351216311143e-05
"211",67,550,"gem stone","U+1F48E","\xF0\x9F\x92\x8E",550,"<ed><a0><bd><ed><b2><8e>",0,3.74351216311143e-05
"212",66,248,"arrow pointing rightwards then curving downwards","U+2935","\xE2\xA4\xB5",248,"<e2><a4><b5>",0,3.68846051365391e-05
"213",65,307,"tangerine","U+1F34A","\xF0\x9F\x8D\x8A",307,"<ed><a0><bc><ed><bd><8a>",0,3.63340886419639e-05
"214",63,475,"paw prints","U+1F43E","\xF0\x9F\x90\xBE",475,"<ed><a0><bd><ed><b0><be>",0,3.52330556528135e-05
"215",63,569,"electric light bulb","U+1F4A1","\xF0\x9F\x92\xA1",569,"<ed><a0><bd><ed><b2><a1>",0,3.52330556528135e-05
"216",62,413,"american football","U+1F3C8","\xF0\x9F\x8F\x88",413,"<ed><a0><bc><ed><bf><88>",0,3.46825391582383e-05
"217",62,512,"boy","U+1F466","\xF0\x9F\x91\xA6",512,"<ed><a0><bd><ed><b1><a6>",0,3.46825391582383e-05
"218",61,700,"down-pointing red triangle","U+1F53B","\xF0\x9F\x94\xBB",700,"<ed><a0><bd><ed><b4><bb>",0,3.41320226636631e-05
"219",61,744,"trolleybus","U+1F68E","\xF0\x9F\x9A\x8E",744,"<ed><a0><bd><ed><ba><8e>",0,3.41320226636631e-05
"220",60,565,"heart with ribbon","U+1F49D","\xF0\x9F\x92\x9D",565,"<ed><a0><bd><ed><b2><9d>",0,3.35815061690878e-05
"221",60,694,"large blue circle","U+1F535","\xF0\x9F\x94\xB5",694,"<ed><a0><bd><ed><b4><b5>",0,3.35815061690878e-05
"222",57,274,"milky way","U+1F30C","\xF0\x9F\x8C\x8C",274,"<ed><a0><bc><ed><bc><8c>",0,3.19299566853622e-05
"223",57,351,"cocktail glass","U+1F378","\xF0\x9F\x8D\xB8",351,"<ed><a0><bc><ed><bd><b8>",0,3.19299566853622e-05
"224",57,433,"horse","U+1F40E","\xF0\x9F\x90\x8E",433,"<ed><a0><bd><ed><b0><8e>",0,3.19299566853622e-05
"225",57,631,"public address loudspeaker","U+1F4E2","\xF0\x9F\x93\xA2",631,"<ed><a0><bd><ed><b3><a2>",0,3.19299566853622e-05
"226",54,262,"cyclone","U+1F300","\xF0\x9F\x8C\x80",262,"<ed><a0><bc><ed><bc><80>",0,3.02784072016366e-05
"227",54,746,"oncoming police car","U+1F694","\xF0\x9F\x9A\x94",746,"<ed><a0><bd><ed><ba><94>",0,3.02784072016366e-05
"228",53,204,"cloud","U+2601","\xE2\x98\x81",204,"<e2><98><81>",0,2.97278907070614e-05
"229",53,272,"water wave","U+1F30A","\xF0\x9F\x8C\x8A",272,"<ed><a0><bc><ed><bc><8a>",0,2.97278907070614e-05
"230",53,382,"headphone","U+1F3A7","\xF0\x9F\x8E\xA7",382,"<ed><a0><bc><ed><be><a7>",0,2.97278907070614e-05
"231",53,794,"ox","U+1F402","\xF0\x9F\x90\x82",794,"<ed><a0><bd><ed><b0><82>",0,2.97278907070614e-05
"232",52,626,"memo","U+1F4DD","\xF0\x9F\x93\x9D",626,"<ed><a0><bd><ed><b3><9d>",0,2.91773742124862e-05
"233",50,316,"slice of pizza","U+1F355","\xF0\x9F\x8D\x95",316,"<ed><a0><bc><ed><bd><95>",0,2.80763412233357e-05
"234",50,546,"pill","U+1F48A","\xF0\x9F\x92\x8A",546,"<ed><a0><bd><ed><b2><8a>",0,2.80763412233357e-05
"235",49,18,"kissing face with closed eyes","U+1F61A","\xF0\x9F\x98\x9A",18,"<ed><a0><bd><ed><b8><9a>",0,2.75258247287605e-05
"236",48,298,"maple leaf","U+1F341","\xF0\x9F\x8D\x81",298,"<ed><a0><bc><ed><bd><81>",0,2.69753082341853e-05
"237",47,296,"herb","U+1F33F","\xF0\x9F\x8C\xBF",296,"<ed><a0><bc><ed><bc><bf>",0,2.64247917396101e-05
"238",47,361,"fireworks","U+1F386","\xF0\x9F\x8E\x86",361,"<ed><a0><bc><ed><be><86>",0,2.64247917396101e-05
"239",47,494,"eyeglasses","U+1F453","\xF0\x9F\x91\x93",494,"<ed><a0><bd><ed><b1><93>",0,2.64247917396101e-05
"240",46,353,"beer mug","U+1F37A","\xF0\x9F\x8D\xBA",353,"<ed><a0><bc><ed><bd><ba>",0,2.58742752450349e-05
"241",45,43,"cat face with wry smile","U+1F63C","\xF0\x9F\x98\xBC",43,"<ed><a0><bd><ed><b8><bc>",0,2.53237587504597e-05
"242",45,292,"sunflower","U+1F33B","\xF0\x9F\x8C\xBB",292,"<ed><a0><bc><ed><bc><bb>",0,2.53237587504597e-05
"243",45,380,"movie camera","U+1F3A5","\xF0\x9F\x8E\xA5",380,"<ed><a0><bc><ed><be><a5>",0,2.53237587504597e-05
"244",45,451,"front-facing baby chick","U+1F425","\xF0\x9F\x90\xA5",451,"<ed><a0><bd><ed><b0><a5>",0,2.53237587504597e-05
"245",45,654,"speaker with three sound waves","U+1F50A","\xF0\x9F\x94\x8A",654,"<ed><a0><bd><ed><b4><8a>",0,2.53237587504597e-05
"246",45,773,"earth globe europe-africa","U+1F30D","\xF0\x9F\x8C\x8D",773,"<ed><a0><bc><ed><bc><8d>",0,2.53237587504597e-05
"247",45,784,"evergreen tree","U+1F332","\xF0\x9F\x8C\xB2",784,"<ed><a0><bc><ed><bc><b2>",0,2.53237587504597e-05
"248",44,162,"copyright sign","U+00A9","\xC2\xA9",162,"<c2><a9>",0,2.47732422558845e-05
"249",43,261,"playing card black joker","U+1F0CF","\xF0\x9F\x83\x8F",261,"<ed><a0><bc><ed><b3><8f>",0,2.42227257613093e-05
"250",43,374,"graduation cap","U+1F393","\xF0\x9F\x8E\x93",374,"<ed><a0><bc><ed><be><93>",0,2.42227257613093e-05
"251",42,513,"girl","U+1F467","\xF0\x9F\x91\xA7",513,"<ed><a0><bd><ed><b1><a7>",0,2.36722092667341e-05
"252",41,523,"man with turban","U+1F473","\xF0\x9F\x91\xB3",523,"<ed><a0><bd><ed><b1><b3>",0,2.31216927721588e-05
"253",41,605,"chart with upwards trend","U+1F4C8","\xF0\x9F\x93\x88",605,"<ed><a0><bd><ed><b3><88>",0,2.31216927721588e-05
"254",41,632,"cheering megaphone","U+1F4E3","\xF0\x9F\x93\xA3",632,"<ed><a0><bd><ed><b3><a3>",0,2.31216927721588e-05
"255",41,688,"six pointed star with middle dot","U+1F52F","\xF0\x9F\x94\xAF",688,"<ed><a0><bd><ed><b4><af>",0,2.31216927721588e-05
"256",40,294,"ear of maize","U+1F33D","\xF0\x9F\x8C\xBD",294,"<ed><a0><bc><ed><bc><bd>",0,2.25711762775836e-05
"257",40,308,"banana","U+1F34C","\xF0\x9F\x8D\x8C",308,"<ed><a0><bc><ed><bd><8c>",0,2.25711762775836e-05
"258",40,436,"chicken","U+1F414","\xF0\x9F\x90\x94",436,"<ed><a0><bd><ed><b0><94>",0,2.25711762775836e-05
"259",39,46,"crying cat face","U+1F63F","\xF0\x9F\x98\xBF",46,"<ed><a0><bd><ed><b8><bf>",0,2.20206597830084e-05
"260",39,275,"earth globe asia-australia","U+1F30F","\xF0\x9F\x8C\x8F",275,"<ed><a0><bc><ed><bc><8f>",0,2.20206597830084e-05
"261",39,291,"hibiscus","U+1F33A","\xF0\x9F\x8C\xBA",291,"<ed><a0><bc><ed><bc><ba>",0,2.20206597830084e-05
"262",38,45,"pouting cat face","U+1F63E","\xF0\x9F\x98\xBE",45,"<ed><a0><bd><ed><b8><be>",0,2.14701432884332e-05
"263",38,193,"alarm clock","U+23F0","\xE2\x8F\xB0",193,"<e2><8f><b0>",0,2.14701432884332e-05
"264",38,310,"red apple","U+1F34E","\xF0\x9F\x8D\x8E",310,"<ed><a0><bc><ed><bd><8e>",0,2.14701432884332e-05
"265",38,641,"postbox","U+1F4EE","\xF0\x9F\x93\xAE",641,"<ed><a0><bd><ed><b3><ae>",0,2.14701432884332e-05
"266",38,671,"soon with rightwards arrow above","U+1F51C","\xF0\x9F\x94\x9C",671,"<ed><a0><bd><ed><b4><9c>",0,2.14701432884332e-05
"267",37,233,"medium white circle","U+26AA","\xE2\x9A\xAA",233,"<e2><9a><aa>",0,2.0919626793858e-05
"268",37,462,"cat face","U+1F431","\xF0\x9F\x90\xB1",462,"<ed><a0><bd><ed><b0><b1>",0,2.0919626793858e-05
"269",36,118,"toilet","U+1F6BD","\xF0\x9F\x9A\xBD",118,"<ed><a0><bd><ed><ba><bd>",0,2.03691102992828e-05
"270",36,538,"guardsman","U+1F482","\xF0\x9F\x92\x82",538,"<ed><a0><bd><ed><b2><82>",0,2.03691102992828e-05
"271",36,542,"face massage","U+1F486","\xF0\x9F\x92\x86",542,"<ed><a0><bd><ed><b2><86>",0,2.03691102992828e-05
"272",35,808,"pig","U+1F416","\xF0\x9F\x90\x96",808,"<ed><a0><bd><ed><b0><96>",0,1.98185938047076e-05
"273",34,195,"black small square","U+25AA","\xE2\x96\xAA",195,"<e2><96><aa>",0,1.92680773101324e-05
"274",34,811,"two men holding hands","U+1F46C","\xF0\x9F\x91\xAC",811,"<ed><a0><bd><ed><b1><ac>",0,1.92680773101324e-05
"275",33,79,"white exclamation mark ornament","U+2755","\xE2\x9D\x95",79,"<e2><9d><95>",0,1.87175608155572e-05
"276",33,110,"smoking symbol","U+1F6AC","\xF0\x9F\x9A\xAC",110,"<ed><a0><bd><ed><ba><ac>",0,1.87175608155572e-05
"277",33,123,"negative squared latin capital letter b","U+1F171","\xF0\x9F\x85\xB1",123,"<ed><a0><bc><ed><b5><b1>",0,1.87175608155572e-05
"278",33,526,"baby","U+1F476","\xF0\x9F\x91\xB6",526,"<ed><a0><bd><ed><b1><b6>",0,1.87175608155572e-05
"279",33,545,"syringe","U+1F489","\xF0\x9F\x92\x89",545,"<ed><a0><bd><ed><b2><89>",0,1.87175608155572e-05
"280",33,740,"train","U+1F686","\xF0\x9F\x9A\x86",740,"<ed><a0><bd><ed><ba><86>",0,1.87175608155572e-05
"281",33,812,"two women holding hands","U+1F46D","\xF0\x9F\x91\xAD",812,"<ed><a0><bd><ed><b1><ad>",0,1.87175608155572e-05
"282",32,466,"monkey face","U+1F435","\xF0\x9F\x90\xB5",466,"<ed><a0><bd><ed><b0><b5>",0,1.81670443209819e-05
"283",31,235,"soccer ball","U+26BD","\xE2\x9A\xBD",235,"<e2><9a><bd>",0,1.76165278264067e-05
"284",31,453,"penguin","U+1F427","\xF0\x9F\x90\xA7",453,"<ed><a0><bd><ed><b0><a7>",0,1.76165278264067e-05
"285",30,385,"circus tent","U+1F3AA","\xF0\x9F\x8E\xAA",385,"<ed><a0><bc><ed><be><aa>",0,1.70660113318315e-05
"286",30,398,"saxophone","U+1F3B7","\xF0\x9F\x8E\xB7",398,"<ed><a0><bc><ed><be><b7>",0,1.70660113318315e-05
"287",30,450,"baby chick","U+1F424","\xF0\x9F\x90\xA4",450,"<ed><a0><bd><ed><b0><a4>",0,1.70660113318315e-05
"288",30,552,"bouquet","U+1F490","\xF0\x9F\x92\x90",552,"<ed><a0><bd><ed><b2><90>",0,1.70660113318315e-05
"289",30,642,"newspaper","U+1F4F0","\xF0\x9F\x93\xB0",642,"<ed><a0><bd><ed><b3><b0>",0,1.70660113318315e-05
"290",30,683,"hammer","U+1F528","\xF0\x9F\x94\xA8",683,"<ed><a0><bd><ed><b4><a8>",0,1.70660113318315e-05
"291",30,742,"tram","U+1F68A","\xF0\x9F\x9A\x8A",742,"<ed><a0><bd><ed><ba><8a>",0,1.70660113318315e-05
"292",29,517,"man and woman holding hands","U+1F46B","\xF0\x9F\x91\xAB",517,"<ed><a0><bd><ed><b1><ab>",0,1.65154948372563e-05
"293",29,802,"crocodile","U+1F40A","\xF0\x9F\x90\x8A",802,"<ed><a0><bd><ed><b0><8a>",0,1.65154948372563e-05
"294",28,107,"triangular flag on post","U+1F6A9","\xF0\x9F\x9A\xA9",107,"<ed><a0><bd><ed><ba><a9>",0,1.59649783426811e-05
"295",28,133,"squared ok","U+1F197","\xF0\x9F\x86\x97",133,"<ed><a0><bc><ed><b6><97>",0,1.59649783426811e-05
"296",28,343,"shortcake","U+1F370","\xF0\x9F\x8D\xB0",343,"<ed><a0><bc><ed><bd><b0>",0,1.59649783426811e-05
"297",28,549,"ring","U+1F48D","\xF0\x9F\x92\x8D",549,"<ed><a0><bd><ed><b2><8d>",0,1.59649783426811e-05
"298",28,610,"round pushpin","U+1F4CD","\xF0\x9F\x93\x8D",610,"<ed><a0><bd><ed><b3><8d>",0,1.59649783426811e-05
"299",28,627,"telephone receiver","U+1F4DE","\xF0\x9F\x93\x9E",627,"<ed><a0><bd><ed><b3><9e>",0,1.59649783426811e-05
"300",28,760,"potable water symbol","U+1F6B0","\xF0\x9F\x9A\xB0",760,"<ed><a0><bd><ed><ba><b0>",0,1.59649783426811e-05
"301",28,809,"dromedary camel","U+1F42A","\xF0\x9F\x90\xAA",809,"<ed><a0><bd><ed><b0><aa>",0,1.59649783426811e-05
"302",27,358,"jack-o-lantern","U+1F383","\xF0\x9F\x8E\x83",358,"<ed><a0><bc><ed><be><83>",0,1.54144618481059e-05
"303",27,388,"performing arts","U+1F3AD","\xF0\x9F\x8E\xAD",388,"<ed><a0><bc><ed><be><ad>",0,1.54144618481059e-05
"304",27,399,"guitar","U+1F3B8","\xF0\x9F\x8E\xB8",399,"<ed><a0><bc><ed><be><b8>",0,1.54144618481059e-05
"305",27,648,"camera","U+1F4F7","\xF0\x9F\x93\xB7",648,"<ed><a0><bd><ed><b3><b7>",0,1.54144618481059e-05
"306",26,236,"baseball","U+26BE","\xE2\x9A\xBE",236,"<e2><9a><be>",0,1.48639453535307e-05
"307",26,300,"leaf fluttering in wind","U+1F343","\xF0\x9F\x8D\x83",300,"<ed><a0><bc><ed><bd><83>",0,1.48639453535307e-05
"308",26,356,"wrapped present","U+1F381","\xF0\x9F\x8E\x81",356,"<ed><a0><bc><ed><be><81>",0,1.48639453535307e-05
"309",26,384,"top hat","U+1F3A9","\xF0\x9F\x8E\xA9",384,"<ed><a0><bc><ed><be><a9>",0,1.48639453535307e-05
"310",26,435,"monkey","U+1F412","\xF0\x9F\x90\x92",435,"<ed><a0><bd><ed><b0><92>",0,1.48639453535307e-05
"311",26,507,"high-heeled shoe","U+1F460","\xF0\x9F\x91\xA0",507,"<ed><a0><bd><ed><b1><a0>",0,1.48639453535307e-05
"312",26,521,"person with blond hair","U+1F471","\xF0\x9F\x91\xB1",521,"<ed><a0><bd><ed><b1><b1>",0,1.48639453535307e-05
"313",25,101,"delivery truck","U+1F69A","\xF0\x9F\x9A\x9A",101,"<ed><a0><bd><ed><ba><9a>",0,1.43134288589555e-05
"314",25,128,"squared cool","U+1F192","\xF0\x9F\x86\x92",128,"<ed><a0><bc><ed><b6><92>",0,1.43134288589555e-05
"315",25,163,"registered sign","U+00AE","\xC2\xAE",163,"<c2><ae>",0,1.43134288589555e-05
"316",25,227,"hot springs","U+2668","\xE2\x99\xA8",227,"<e2><99><a8>",0,1.43134288589555e-05
"317",25,478,"nose","U+1F443","\xF0\x9F\x91\x83",478,"<ed><a0><bd><ed><b1><83>",0,1.43134288589555e-05
"318",25,575,"droplet","U+1F4A7","\xF0\x9F\x92\xA7",575,"<ed><a0><bd><ed><b2><a7>",0,1.43134288589555e-05
"319",25,669,"end with leftwards arrow above","U+1F51A","\xF0\x9F\x94\x9A",669,"<ed><a0><bd><ed><b4><9a>",0,1.43134288589555e-05
"320",25,782,"full moon with face","U+1F31D","\xF0\x9F\x8C\x9D",782,"<ed><a0><bc><ed><bc><9d>",0,1.43134288589555e-05
"321",24,59,"black scissors","U+2702","\xE2\x9C\x82",59,"<e2><9c><82>",0,1.37629123643803e-05
"322",24,567,"heart decoration","U+1F49F","\xF0\x9F\x92\x9F",567,"<ed><a0><bd><ed><b2><9f>",0,1.37629123643803e-05
"323",24,786,"lemon","U+1F34B","\xF0\x9F\x8D\x8B",786,"<ed><a0><bc><ed><bd><8b>",0,1.37629123643803e-05
"324",23,99,"automobile","U+1F697","\xF0\x9F\x9A\x97",99,"<ed><a0><bd><ed><ba><97>",0,1.32123958698051e-05
"325",23,113,"pedestrian","U+1F6B6","\xF0\x9F\x9A\xB6",113,"<ed><a0><bd><ed><ba><b6>",0,1.32123958698051e-05
"326",23,135,"squared up with exclamation mark","U+1F199","\xF0\x9F\x86\x99",135,"<ed><a0><bc><ed><b6><99>",0,1.32123958698051e-05
"327",23,205,"black telephone","U+260E","\xE2\x98\x8E",205,"<e2><98><8e>",0,1.32123958698051e-05
"328",23,243,"flag in hole","U+26F3","\xE2\x9B\xB3",243,"<e2><9b><b3>",0,1.32123958698051e-05
"329",23,249,"leftwards black arrow","U+2B05","\xE2\xAC\x85",249,"<e2><ac><85>",0,1.32123958698051e-05
"330",23,283,"shooting star","U+1F320","\xF0\x9F\x8C\xA0",283,"<ed><a0><bc><ed><bc><a0>",0,1.32123958698051e-05
"331",23,444,"lady beetle","U+1F41E","\xF0\x9F\x90\x9E",444,"<ed><a0><bd><ed><b0><9e>",0,1.32123958698051e-05
"332",23,727,"kissing face","U+1F617","\xF0\x9F\x98\x97",727,"<ed><a0><bd><ed><b8><97>",0,1.32123958698051e-05
"333",23,741,"light rail","U+1F688","\xF0\x9F\x9A\x88",741,"<ed><a0><bd><ed><ba><88>",0,1.32123958698051e-05
"334",22,41,"smiling cat face with open mouth","U+1F63A","\xF0\x9F\x98\xBA",41,"<ed><a0><bd><ed><b8><ba>",0,1.26618793752298e-05
"335",22,89,"high-speed train","U+1F684","\xF0\x9F\x9A\x84",89,"<ed><a0><bd><ed><ba><84>",0,1.26618793752298e-05
"336",22,92,"station","U+1F689","\xF0\x9F\x9A\x89",92,"<ed><a0><bd><ed><ba><89>",0,1.26618793752298e-05
"337",22,194,"hourglass with flowing sand","U+23F3","\xE2\x8F\xB3",194,"<e2><8f><b3>",0,1.26618793752298e-05
"338",22,352,"tropical drink","U+1F379","\xF0\x9F\x8D\xB9",352,"<ed><a0><bc><ed><bd><b9>",0,1.26618793752298e-05
"339",22,362,"firework sparkler","U+1F387","\xF0\x9F\x8E\x87",362,"<ed><a0><bc><ed><be><87>",0,1.26618793752298e-05
"340",22,643,"mobile phone","U+1F4F1","\xF0\x9F\x93\xB1",643,"<ed><a0><bd><ed><b3><b1>",0,1.26618793752298e-05
"341",22,687,"crystal ball","U+1F52E","\xF0\x9F\x94\xAE",687,"<ed><a0><bd><ed><b4><ae>",0,1.26618793752298e-05
"342",22,728,"kissing face with smiling eyes","U+1F619","\xF0\x9F\x98\x99",728,"<ed><a0><bd><ed><b8><99>",0,1.26618793752298e-05
"343",21,199,"white medium square","U+25FB","\xE2\x97\xBB",199,"<e2><97><bb>",0,1.21113628806546e-05
"344",21,302,"tomato","U+1F345","\xF0\x9F\x8D\x85",302,"<ed><a0><bc><ed><bd><85>",0,1.21113628806546e-05
"345",21,442,"ant","U+1F41C","\xF0\x9F\x90\x9C",442,"<ed><a0><bd><ed><b0><9c>",0,1.21113628806546e-05
"346",21,445,"fish","U+1F41F","\xF0\x9F\x90\x9F",445,"<ed><a0><bd><ed><b0><9f>",0,1.21113628806546e-05
"347",20,78,"white question mark ornament","U+2754","\xE2\x9D\x94",78,"<e2><9d><94>",0,1.15608463860794e-05
"348",20,105,"construction sign","U+1F6A7","\xF0\x9F\x9A\xA7",105,"<ed><a0><bd><ed><ba><a7>",0,1.15608463860794e-05
"349",20,115,"womens symbol","U+1F6BA","\xF0\x9F\x9A\xBA",115,"<ed><a0><bd><ed><ba><ba>",0,1.15608463860794e-05
"350",20,293,"blossom","U+1F33C","\xF0\x9F\x8C\xBC",293,"<ed><a0><bc><ed><bc><bc>",0,1.15608463860794e-05
"351",20,505,"mans shoe","U+1F45E","\xF0\x9F\x91\x9E",505,"<ed><a0><bd><ed><b1><9e>",0,1.15608463860794e-05
"352",20,525,"older woman","U+1F475","\xF0\x9F\x91\xB5",525,"<ed><a0><bd><ed><b1><b5>",0,1.15608463860794e-05
"353",20,543,"haircut","U+1F487","\xF0\x9F\x92\x87",543,"<ed><a0><bd><ed><b2><87>",0,1.15608463860794e-05
"354",20,623,"books","U+1F4DA","\xF0\x9F\x93\x9A",623,"<ed><a0><bd><ed><b3><9a>",0,1.15608463860794e-05
"355",19,125,"negative squared latin capital letter p","U+1F17F","\xF0\x9F\x85\xBF",125,"<ed><a0><bc><ed><b5><bf>",0,1.10103298915042e-05
"356",19,295,"ear of rice","U+1F33E","\xF0\x9F\x8C\xBE",295,"<ed><a0><bc><ed><bc><be>",0,1.10103298915042e-05
"357",19,347,"fork and knife","U+1F374","\xF0\x9F\x8D\xB4",347,"<ed><a0><bc><ed><bd><b4>",0,1.10103298915042e-05
"358",19,348,"teacup without handle","U+1F375","\xF0\x9F\x8D\xB5",348,"<ed><a0><bc><ed><bd><b5>",0,1.10103298915042e-05
"359",19,474,"pig nose","U+1F43D","\xF0\x9F\x90\xBD",474,"<ed><a0><bd><ed><b0><bd>",0,1.10103298915042e-05
"360",19,510,"footprints","U+1F463","\xF0\x9F\x91\xA3",510,"<ed><a0><bd><ed><b1><a3>",0,1.10103298915042e-05
"361",19,592,"personal computer","U+1F4BB","\xF0\x9F\x92\xBB",592,"<ed><a0><bd><ed><b2><bb>",0,1.10103298915042e-05
"362",19,601,"page facing up","U+1F4C4","\xF0\x9F\x93\x84",601,"<ed><a0><bd><ed><b3><84>",0,1.10103298915042e-05
"363",19,672,"top with upwards arrow above","U+1F51D","\xF0\x9F\x94\x9D",672,"<ed><a0><bd><ed><b4><9d>",0,1.10103298915042e-05
"364",19,698,"small blue diamond","U+1F539","\xF0\x9F\x94\xB9",698,"<ed><a0><bd><ed><b4><b9>",0,1.10103298915042e-05
"365",18,315,"hamburger","U+1F354","\xF0\x9F\x8D\x94",315,"<ed><a0><bc><ed><bd><94>",0,1.0459813396929e-05
"366",18,495,"necktie","U+1F454","\xF0\x9F\x91\x94",495,"<ed><a0><bd><ed><b1><94>",0,1.0459813396929e-05
"367",17,269,"sunset over buildings","U+1F307","\xF0\x9F\x8C\x87",269,"<ed><a0><bc><ed><bc><87>",0,9.90929690235379e-06
"368",17,285,"seedling","U+1F331","\xF0\x9F\x8C\xB1",285,"<ed><a0><bc><ed><bc><b1>",0,9.90929690235379e-06
"369",17,402,"violin","U+1F3BB","\xF0\x9F\x8E\xBB",402,"<ed><a0><bc><ed><be><bb>",0,9.90929690235379e-06
"370",17,458,"mouse face","U+1F42D","\xF0\x9F\x90\xAD",458,"<ed><a0><bd><ed><b0><ad>",0,9.90929690235379e-06
"371",17,472,"bear face","U+1F43B","\xF0\x9F\x90\xBB",472,"<ed><a0><bd><ed><b0><bb>",0,9.90929690235379e-06
"372",17,664,"bell","U+1F514","\xF0\x9F\x94\x94",664,"<ed><a0><bd><ed><b4><94>",0,9.90929690235379e-06
"373",16,39,"grinning cat face with smiling eyes","U+1F638","\xF0\x9F\x98\xB8",39,"<ed><a0><bd><ed><b8><b8>",0,9.35878040777858e-06
"374",16,189,"black right-pointing double triangle","U+23E9","\xE2\x8F\xA9",189,"<e2><8f><a9>",0,9.35878040777858e-06
"375",16,239,"ophiuchus","U+26CE","\xE2\x9B\x8E",239,"<e2><9b><8e>",0,9.35878040777858e-06
"376",16,240,"no entry","U+26D4","\xE2\x9B\x94",240,"<e2><9b><94>",0,9.35878040777858e-06
"377",16,311,"green apple","U+1F34F","\xF0\x9F\x8D\x8F",311,"<ed><a0><bc><ed><bd><8f>",0,9.35878040777858e-06
"378",16,333,"soft ice cream","U+1F366","\xF0\x9F\x8D\xA6",333,"<ed><a0><bc><ed><bd><a6>",0,9.35878040777858e-06
"379",16,473,"panda face","U+1F43C","\xF0\x9F\x90\xBC",473,"<ed><a0><bd><ed><b0><bc>",0,9.35878040777858e-06
"380",16,630,"satellite antenna","U+1F4E1","\xF0\x9F\x93\xA1",630,"<ed><a0><bd><ed><b3><a1>",0,9.35878040777858e-06
"381",15,56,"person frowning","U+1F64D","\xF0\x9F\x99\x8D",56,"<ed><a0><bd><ed><b9><8d>",0,8.80826391320337e-06
"382",15,66,"pencil","U+270F","\xE2\x9C\x8F",66,"<e2><9c><8f>",0,8.80826391320337e-06
"383",15,69,"heavy multiplication x","U+2716","\xE2\x9C\x96",69,"<e2><9c><96>",0,8.80826391320337e-06
"384",15,207,"umbrella with rain drops","U+2614","\xE2\x98\x94",207,"<e2><98><94>",0,8.80826391320337e-06
"385",15,241,"church","U+26EA","\xE2\x9B\xAA",241,"<e2><9b><aa>",0,8.80826391320337e-06
"386",15,246,"fuel pump","U+26FD","\xE2\x9B\xBD",246,"<e2><9b><bd>",0,8.80826391320337e-06
"387",15,313,"cherries","U+1F352","\xF0\x9F\x8D\x92",313,"<ed><a0><bc><ed><bd><92>",0,8.80826391320337e-06
"388",15,500,"bikini","U+1F459","\xF0\x9F\x91\x99",500,"<ed><a0><bd><ed><b1><99>",0,8.80826391320337e-06
"389",15,540,"lipstick","U+1F484","\xF0\x9F\x92\x84",540,"<ed><a0><bd><ed><b2><84>",0,8.80826391320337e-06
"390",15,684,"nut and bolt","U+1F529","\xF0\x9F\x94\xA9",684,"<ed><a0><bd><ed><b4><a9>",0,8.80826391320337e-06
"391",15,785,"deciduous tree","U+1F333","\xF0\x9F\x8C\xB3",785,"<ed><a0><bc><ed><bc><b3>",0,8.80826391320337e-06
"392",15,813,"thought balloon","U+1F4AD","\xF0\x9F\x92\xAD",813,"<ed><a0><bd><ed><b2><ad>",0,8.80826391320337e-06
"393",14,71,"eight spoked asterisk","U+2733","\xE2\x9C\xB3",71,"<e2><9c><b3>",0,8.25774741862816e-06
"394",14,187,"watch","U+231A","\xE2\x8C\x9A",187,"<e2><8c><9a>",0,8.25774741862816e-06
"395",14,188,"hourglass","U+231B","\xE2\x8C\x9B",188,"<e2><8c><9b>",0,8.25774741862816e-06
"396",14,280,"crescent moon","U+1F319","\xF0\x9F\x8C\x99",280,"<ed><a0><bc><ed><bc><99>",0,8.25774741862816e-06
"397",14,338,"chocolate bar","U+1F36B","\xF0\x9F\x8D\xAB",338,"<ed><a0><bc><ed><bd><ab>",0,8.25774741862816e-06
"398",14,401,"trumpet","U+1F3BA","\xF0\x9F\x8E\xBA",401,"<ed><a0><bc><ed><be><ba>",0,8.25774741862816e-06
"399",14,506,"athletic shoe","U+1F45F","\xF0\x9F\x91\x9F",506,"<ed><a0><bd><ed><b1><9f>",0,8.25774741862816e-06
"400",14,516,"family","U+1F46A","\xF0\x9F\x91\xAA",516,"<ed><a0><bd><ed><b1><aa>",0,8.25774741862816e-06
"401",14,520,"bride with veil","U+1F470","\xF0\x9F\x91\xB0",520,"<ed><a0><bd><ed><b1><b0>",0,8.25774741862816e-06
"402",14,719,"moyai","U+1F5FF","\xF0\x9F\x97\xBF",719,"<ed><a0><bd><ed><b7><bf>",0,8.25774741862816e-06
"403",14,756,"rowboat","U+1F6A3","\xF0\x9F\x9A\xA3",756,"<ed><a0><bd><ed><ba><a3>",0,8.25774741862816e-06
"404",13,95,"ambulance","U+1F691","\xF0\x9F\x9A\x91",95,"<ed><a0><bd><ed><ba><91>",0,7.70723092405295e-06
"405",13,100,"recreational vehicle","U+1F699","\xF0\x9F\x9A\x99",100,"<ed><a0><bd><ed><ba><99>",0,7.70723092405295e-06
"406",13,197,"black right-pointing triangle","U+25B6","\xE2\x96\xB6",197,"<e2><96><b6>",0,7.70723092405295e-06
"407",13,223,"black spade suit","U+2660","\xE2\x99\xA0",223,"<e2><99><a0>",0,7.70723092405295e-06
"408",13,230,"anchor","U+2693","\xE2\x9A\x93",230,"<e2><9a><93>",0,7.70723092405295e-06
"409",13,340,"lollipop","U+1F36D","\xF0\x9F\x8D\xAD",340,"<ed><a0><bc><ed><bd><ad>",0,7.70723092405295e-06
"410",13,359,"christmas tree","U+1F384","\xF0\x9F\x8E\x84",359,"<ed><a0><bc><ed><be><84>",0,7.70723092405295e-06
"411",13,416,"house with garden","U+1F3E1","\xF0\x9F\x8F\xA1",416,"<ed><a0><bc><ed><bf><a1>",0,7.70723092405295e-06
"412",13,625,"scroll","U+1F4DC","\xF0\x9F\x93\x9C",625,"<ed><a0><bd><ed><b3><9c>",0,7.70723092405295e-06
"413",12,57,"person with pouting face","U+1F64E","\xF0\x9F\x99\x8E",57,"<ed><a0><bd><ed><b9><8e>",0,7.15671442947774e-06
"414",12,82,"heavy plus sign","U+2795","\xE2\x9E\x95",82,"<e2><9e><95>",0,7.15671442947774e-06
"415",12,83,"heavy minus sign","U+2796","\xE2\x9E\x96",83,"<e2><9e><96>",0,7.15671442947774e-06
"416",12,90,"high-speed train with bullet nose","U+1F685","\xF0\x9F\x9A\x85",90,"<ed><a0><bd><ed><ba><85>",0,7.15671442947774e-06
"417",12,314,"strawberry","U+1F353","\xF0\x9F\x8D\x93",314,"<ed><a0><bc><ed><bd><93>",0,7.15671442947774e-06
"418",12,318,"poultry leg","U+1F357","\xF0\x9F\x8D\x97",318,"<ed><a0><bc><ed><bd><97>",0,7.15671442947774e-06
"419",12,326,"french fries","U+1F35F","\xF0\x9F\x8D\x9F",326,"<ed><a0><bc><ed><bd><9f>",0,7.15671442947774e-06
"420",12,411,"surfer","U+1F3C4","\xF0\x9F\x8F\x84",411,"<ed><a0><bc><ed><bf><84>",0,7.15671442947774e-06
"421",12,420,"bank","U+1F3E6","\xF0\x9F\x8F\xA6",420,"<ed><a0><bc><ed><bf><a6>",0,7.15671442947774e-06
"422",12,593,"briefcase","U+1F4BC","\xF0\x9F\x92\xBC",593,"<ed><a0><bd><ed><b2><bc>",0,7.15671442947774e-06
"423",12,619,"open book","U+1F4D6","\xF0\x9F\x93\x96",619,"<ed><a0><bd><ed><b3><96>",0,7.15671442947774e-06
"424",12,757,"vertical traffic light","U+1F6A6","\xF0\x9F\x9A\xA6",757,"<ed><a0><bd><ed><ba><a6>",0,7.15671442947774e-06
"425",12,807,"dog","U+1F415","\xF0\x9F\x90\x95",807,"<ed><a0><bd><ed><b0><95>",0,7.15671442947774e-06
"426",11,44,"kissing cat face with closed eyes","U+1F63D","\xF0\x9F\x98\xBD",44,"<ed><a0><bd><ed><b8><bd>",0,6.60619793490253e-06
"427",11,72,"eight pointed black star","U+2734","\xE2\x9C\xB4",72,"<e2><9c><b4>",0,6.60619793490253e-06
"428",11,76,"negative squared cross mark","U+274E","\xE2\x9D\x8E",76,"<e2><9d><8e>",0,6.60619793490253e-06
"429",11,97,"police car","U+1F693","\xF0\x9F\x9A\x93",97,"<ed><a0><bd><ed><ba><93>",0,6.60619793490253e-06
"430",11,229,"wheelchair symbol","U+267F","\xE2\x99\xBF",229,"<e2><99><bf>",0,6.60619793490253e-06
"431",11,336,"doughnut","U+1F369","\xF0\x9F\x8D\xA9",336,"<ed><a0><bc><ed><bd><a9>",0,6.60619793490253e-06
"432",11,383,"artist palette","U+1F3A8","\xF0\x9F\x8E\xA8",383,"<ed><a0><bc><ed><be><a8>",0,6.60619793490253e-06
"433",11,393,"game die","U+1F3B2","\xF0\x9F\x8E\xB2",393,"<ed><a0><bc><ed><be><b2>",0,6.60619793490253e-06
"434",11,430,"european castle","U+1F3F0","\xF0\x9F\x8F\xB0",430,"<ed><a0><bc><ed><bf><b0>",0,6.60619793490253e-06
"435",11,459,"cow face","U+1F42E","\xF0\x9F\x90\xAE",459,"<ed><a0><bd><ed><b0><ae>",0,6.60619793490253e-06
"436",11,497,"jeans","U+1F456","\xF0\x9F\x91\x96",497,"<ed><a0><bd><ed><b1><96>",0,6.60619793490253e-06
"437",11,511,"bust in silhouette","U+1F464","\xF0\x9F\x91\xA4",511,"<ed><a0><bd><ed><b1><a4>",0,6.60619793490253e-06
"438",11,534,"alien monster","U+1F47E","\xF0\x9F\x91\xBE",534,"<ed><a0><bd><ed><b1><be>",0,6.60619793490253e-06
"439",11,598,"file folder","U+1F4C1","\xF0\x9F\x93\x81",598,"<ed><a0><bd><ed><b3><81>",0,6.60619793490253e-06
"440",11,609,"pushpin","U+1F4CC","\xF0\x9F\x93\x8C",609,"<ed><a0><bd><ed><b3><8c>",0,6.60619793490253e-06
"441",11,629,"fax machine","U+1F4E0","\xF0\x9F\x93\xA0",629,"<ed><a0><bd><ed><b3><a0>",0,6.60619793490253e-06
"442",11,668,"back with leftwards arrow above","U+1F519","\xF0\x9F\x94\x99",668,"<ed><a0><bd><ed><b4><99>",0,6.60619793490253e-06
"443",11,765,"no pedestrians","U+1F6B7","\xF0\x9F\x9A\xB7",765,"<ed><a0><bd><ed><ba><b7>",0,6.60619793490253e-06
"444",10,108,"door","U+1F6AA","\xF0\x9F\x9A\xAA",108,"<ed><a0><bd><ed><ba><aa>",0,6.05568144032732e-06
"445",10,178,"information source","U+2139","\xE2\x84\xB9",178,"<e2><84><b9>",0,6.05568144032732e-06
"446",10,201,"white medium small square","U+25FD","\xE2\x97\xBD",201,"<e2><97><bd>",0,6.05568144032732e-06
"447",10,337,"cookie","U+1F36A","\xF0\x9F\x8D\xAA",337,"<ed><a0><bc><ed><bd><aa>",0,6.05568144032732e-06
"448",10,387,"clapper board","U+1F3AC","\xF0\x9F\x8E\xAC",387,"<ed><a0><bc><ed><be><ac>",0,6.05568144032732e-06
"449",10,400,"musical keyboard","U+1F3B9","\xF0\x9F\x8E\xB9",400,"<ed><a0><bc><ed><be><b9>",0,6.05568144032732e-06
"450",10,434,"sheep","U+1F411","\xF0\x9F\x90\x91",434,"<ed><a0><bd><ed><b0><91>",0,6.05568144032732e-06
"451",10,446,"tropical fish","U+1F420","\xF0\x9F\x90\xA0",446,"<ed><a0><bd><ed><b0><a0>",0,6.05568144032732e-06
"452",10,455,"poodle","U+1F429","\xF0\x9F\x90\xA9",455,"<ed><a0><bd><ed><b0><a9>",0,6.05568144032732e-06
"453",10,503,"handbag","U+1F45C","\xF0\x9F\x91\x9C",503,"<ed><a0><bd><ed><b1><9c>",0,6.05568144032732e-06
"454",10,522,"man with gua pi mao","U+1F472","\xF0\x9F\x91\xB2",522,"<ed><a0><bd><ed><b1><b2>",0,6.05568144032732e-06
"455",10,551,"kiss","U+1F48F","\xF0\x9F\x92\x8F",551,"<ed><a0><bd><ed><b2><8f>",0,6.05568144032732e-06
"456",9,114,"mens symbol","U+1F6B9","\xF0\x9F\x9A\xB9",114,"<ed><a0><bd><ed><ba><b9>",0,5.5051649457521e-06
"457",9,129,"squared free","U+1F193","\xF0\x9F\x86\x93",129,"<ed><a0><bc><ed><b6><93>",0,5.5051649457521e-06
"458",9,325,"bread","U+1F35E","\xF0\x9F\x8D\x9E",325,"<ed><a0><bc><ed><bd><9e>",0,5.5051649457521e-06
"459",9,355,"ribbon","U+1F380","\xF0\x9F\x8E\x80",355,"<ed><a0><bc><ed><be><80>",0,5.5051649457521e-06
"460",9,414,"swimmer","U+1F3CA","\xF0\x9F\x8F\x8A",414,"<ed><a0><bc><ed><bf><8a>",0,5.5051649457521e-06
"461",9,553,"couple with heart","U+1F491","\xF0\x9F\x92\x91",553,"<ed><a0><bd><ed><b2><91>",0,5.5051649457521e-06
"462",9,606,"chart with downwards trend","U+1F4C9","\xF0\x9F\x93\x89",606,"<ed><a0><bd><ed><b3><89>",0,5.5051649457521e-06
"463",9,699,"up-pointing red triangle","U+1F53A","\xF0\x9F\x94\xBA",699,"<ed><a0><bd><ed><b4><ba>",0,5.5051649457521e-06
"464",9,702,"down-pointing small red triangle","U+1F53D","\xF0\x9F\x94\xBD",702,"<ed><a0><bd><ed><b4><bd>",0,5.5051649457521e-06
"465",9,775,"globe with meridians","U+1F310","\xF0\x9F\x8C\x90",775,"<ed><a0><bc><ed><bc><90>",0,5.5051649457521e-06
"466",9,799,"rabbit","U+1F407","\xF0\x9F\x90\x87",799,"<ed><a0><bd><ed><b0><87>",0,5.5051649457521e-06
"467",9,804,"ram","U+1F40F","\xF0\x9F\x90\x8F",804,"<ed><a0><bd><ed><b0><8f>",0,5.5051649457521e-06
"468",8,117,"baby symbol","U+1F6BC","\xF0\x9F\x9A\xBC",117,"<ed><a0><bd><ed><ba><bc>",0,4.95464845117689e-06
"469",8,119,"water closet","U+1F6BE","\xF0\x9F\x9A\xBE",119,"<ed><a0><bd><ed><ba><be>",0,4.95464845117689e-06
"470",8,265,"night with stars","U+1F303","\xF0\x9F\x8C\x83",265,"<ed><a0><bc><ed><bc><83>",0,4.95464845117689e-06
"471",8,266,"sunrise over mountains","U+1F304","\xF0\x9F\x8C\x84",266,"<ed><a0><bc><ed><bc><84>",0,4.95464845117689e-06
"472",8,299,"fallen leaf","U+1F342","\xF0\x9F\x8D\x82",299,"<ed><a0><bc><ed><bd><82>",0,4.95464845117689e-06
"473",8,306,"watermelon","U+1F349","\xF0\x9F\x8D\x89",306,"<ed><a0><bc><ed><bd><89>",0,4.95464845117689e-06
"474",8,346,"cooking","U+1F373","\xF0\x9F\x8D\xB3",346,"<ed><a0><bc><ed><bd><b3>",0,4.95464845117689e-06
"475",8,425,"school","U+1F3EB","\xF0\x9F\x8F\xAB",425,"<ed><a0><bc><ed><bf><ab>",0,4.95464845117689e-06
"476",8,456,"bactrian camel","U+1F42B","\xF0\x9F\x90\xAB",456,"<ed><a0><bd><ed><b0><ab>",0,4.95464845117689e-06
"477",8,464,"spouting whale","U+1F433","\xF0\x9F\x90\xB3",464,"<ed><a0><bd><ed><b0><b3>",0,4.95464845117689e-06
"478",8,471,"wolf face","U+1F43A","\xF0\x9F\x90\xBA",471,"<ed><a0><bd><ed><b0><ba>",0,4.95464845117689e-06
"479",8,498,"dress","U+1F457","\xF0\x9F\x91\x97",498,"<ed><a0><bd><ed><b1><97>",0,4.95464845117689e-06
"480",8,527,"construction worker","U+1F477","\xF0\x9F\x91\xB7",527,"<ed><a0><bd><ed><b1><b7>",0,4.95464845117689e-06
"481",8,591,"seat","U+1F4BA","\xF0\x9F\x92\xBA",591,"<ed><a0><bd><ed><b2><ba>",0,4.95464845117689e-06
"482",8,644,"mobile phone with rightwards arrow at left","U+1F4F2","\xF0\x9F\x93\xB2",644,"<ed><a0><bd><ed><b3><b2>",0,4.95464845117689e-06
"483",8,656,"electric plug","U+1F50C","\xF0\x9F\x94\x8C",656,"<ed><a0><bd><ed><b4><8c>",0,4.95464845117689e-06
"484",8,715,"mount fuji","U+1F5FB","\xF0\x9F\x97\xBB",715,"<ed><a0><bd><ed><b7><bb>",0,4.95464845117689e-06
"485",7,122,"negative squared latin capital letter a","U+1F170","\xF0\x9F\x85\xB0",122,"<ed><a0><bc><ed><b5><b0>",0,4.40413195660168e-06
"486",7,179,"left right arrow","U+2194","\xE2\x86\x94",179,"<e2><86><94>",0,4.40413195660168e-06
"487",7,226,"black diamond suit","U+2666","\xE2\x99\xA6",226,"<e2><99><a6>",0,4.40413195660168e-06
"488",7,255,"heavy large circle","U+2B55","\xE2\xAD\x95",255,"<e2><ad><95>",0,4.40413195660168e-06
"489",7,273,"volcano","U+1F30B","\xF0\x9F\x8C\x8B",273,"<ed><a0><bc><ed><bc><8b>",0,4.40413195660168e-06
"490",7,360,"father christmas","U+1F385","\xF0\x9F\x8E\x85",360,"<ed><a0><bc><ed><be><85>",0,4.40413195660168e-06
"491",7,378,"fishing pole and fish","U+1F3A3","\xF0\x9F\x8E\xA3",378,"<ed><a0><bc><ed><be><a3>",0,4.40413195660168e-06
"492",7,389,"video game","U+1F3AE","\xF0\x9F\x8E\xAE",389,"<ed><a0><bc><ed><be><ae>",0,4.40413195660168e-06
"493",7,391,"slot machine","U+1F3B0","\xF0\x9F\x8E\xB0",391,"<ed><a0><bc><ed><be><b0>",0,4.40413195660168e-06
"494",7,417,"office building","U+1F3E2","\xF0\x9F\x8F\xA2",417,"<ed><a0><bc><ed><bf><a2>",0,4.40413195660168e-06
"495",7,419,"hospital","U+1F3E5","\xF0\x9F\x8F\xA5",419,"<ed><a0><bc><ed><bf><a5>",0,4.40413195660168e-06
"496",7,421,"automated teller machine","U+1F3E7","\xF0\x9F\x8F\xA7",421,"<ed><a0><bc><ed><bf><a7>",0,4.40413195660168e-06
"497",7,423,"love hotel","U+1F3E9","\xF0\x9F\x8F\xA9",423,"<ed><a0><bc><ed><bf><a9>",0,4.40413195660168e-06
"498",7,439,"octopus","U+1F419","\xF0\x9F\x90\x99",439,"<ed><a0><bd><ed><b0><99>",0,4.40413195660168e-06
"499",7,441,"bug","U+1F41B","\xF0\x9F\x90\x9B",441,"<ed><a0><bd><ed><b0><9b>",0,4.40413195660168e-06
"500",7,554,"wedding","U+1F492","\xF0\x9F\x92\x92",554,"<ed><a0><bd><ed><b2><92>",0,4.40413195660168e-06
"501",7,570,"anger symbol","U+1F4A2","\xF0\x9F\x92\xA2",570,"<ed><a0><bd><ed><b2><a2>",0,4.40413195660168e-06
"502",7,599,"open file folder","U+1F4C2","\xF0\x9F\x93\x82",599,"<ed><a0><bd><ed><b3><82>",0,4.40413195660168e-06
"503",7,616,"notebook","U+1F4D3","\xF0\x9F\x93\x93",616,"<ed><a0><bd><ed><b3><93>",0,4.40413195660168e-06
"504",7,651,"radio","U+1F4FB","\xF0\x9F\x93\xBB",651,"<ed><a0><bd><ed><b3><bb>",0,4.40413195660168e-06
"505",7,663,"open lock","U+1F513","\xF0\x9F\x94\x93",663,"<ed><a0><bd><ed><b4><93>",0,4.40413195660168e-06
"506",7,738,"helicopter","U+1F681","\xF0\x9F\x9A\x81",738,"<ed><a0><bd><ed><ba><81>",0,4.40413195660168e-06
"507",7,810,"busts in silhouette","U+1F465","\xF0\x9F\x91\xA5",810,"<ed><a0><bd><ed><b1><a5>",0,4.40413195660168e-06
"508",6,98,"taxi","U+1F695","\xF0\x9F\x9A\x95",98,"<ed><a0><bd><ed><ba><95>",0,3.85361546202647e-06
"509",6,132,"squared ng","U+1F196","\xF0\x9F\x86\x96",132,"<ed><a0><bc><ed><b6><96>",0,3.85361546202647e-06
"510",6,196,"white small square","U+25AB","\xE2\x96\xAB",196,"<e2><96><ab>",0,3.85361546202647e-06
"511",6,198,"black left-pointing triangle","U+25C0","\xE2\x97\x80",198,"<e2><97><80>",0,3.85361546202647e-06
"512",6,237,"snowman without snow","U+26C4","\xE2\x9B\x84",237,"<e2><9b><84>",0,3.85361546202647e-06
"513",6,244,"sailboat","U+26F5","\xE2\x9B\xB5",244,"<e2><9b><b5>",0,3.85361546202647e-06
"514",6,460,"tiger face","U+1F42F","\xF0\x9F\x90\xAF",460,"<ed><a0><bd><ed><b0><af>",0,3.85361546202647e-06
"515",6,509,"womans boots","U+1F462","\xF0\x9F\x91\xA2",509,"<ed><a0><bd><ed><b1><a2>",0,3.85361546202647e-06
"516",6,600,"page with curl","U+1F4C3","\xF0\x9F\x93\x83",600,"<ed><a0><bd><ed><b3><83>",0,3.85361546202647e-06
"517",6,603,"tear-off calendar","U+1F4C6","\xF0\x9F\x93\x86",603,"<ed><a0><bd><ed><b3><86>",0,3.85361546202647e-06
"518",6,638,"envelope with downwards arrow above","U+1F4E9","\xF0\x9F\x93\xA9",638,"<ed><a0><bd><ed><b3><a9>",0,3.85361546202647e-06
"519",6,696,"large blue diamond","U+1F537","\xF0\x9F\x94\xB7",696,"<ed><a0><bd><ed><b4><b7>",0,3.85361546202647e-06
"520",6,743,"oncoming bus","U+1F68D","\xF0\x9F\x9A\x8D",743,"<ed><a0><bd><ed><ba><8d>",0,3.85361546202647e-06
"521",6,748,"oncoming automobile","U+1F698","\xF0\x9F\x9A\x98",748,"<ed><a0><bd><ed><ba><98>",0,3.85361546202647e-06
"522",6,751,"monorail","U+1F69D","\xF0\x9F\x9A\x9D",751,"<ed><a0><bd><ed><ba><9d>",0,3.85361546202647e-06
"523",6,790,"rugby football","U+1F3C9","\xF0\x9F\x8F\x89",790,"<ed><a0><bc><ed><bf><89>",0,3.85361546202647e-06
"524",6,800,"cat","U+1F408","\xF0\x9F\x90\x88",800,"<ed><a0><bd><ed><b0><88>",0,3.85361546202647e-06
"525",5,91,"metro","U+1F687","\xF0\x9F\x9A\x87",91,"<ed><a0><bd><ed><ba><87>",0,3.30309896745126e-06
"526",5,103,"speedboat","U+1F6A4","\xF0\x9F\x9A\xA4",103,"<ed><a0><bd><ed><ba><a4>",0,3.30309896745126e-06
"527",5,111,"no smoking symbol","U+1F6AD","\xF0\x9F\x9A\xAD",111,"<ed><a0><bd><ed><ba><ad>",0,3.30309896745126e-06
"528",5,112,"bicycle","U+1F6B2","\xF0\x9F\x9A\xB2",112,"<ed><a0><bd><ed><ba><b2>",0,3.30309896745126e-06
"529",5,190,"black left-pointing double triangle","U+23EA","\xE2\x8F\xAA",190,"<e2><8f><aa>",0,3.30309896745126e-06
"530",5,192,"black down-pointing double triangle","U+23EC","\xE2\x8F\xAC",192,"<e2><8f><ac>",0,3.30309896745126e-06
"531",5,257,"part alternation mark","U+303D","\xE3\x80\xBD",257,"<e3><80><bd>",0,3.30309896745126e-06
"532",5,267,"sunrise","U+1F305","\xF0\x9F\x8C\x85",267,"<ed><a0><bc><ed><bc><85>",0,3.30309896745126e-06
"533",5,284,"chestnut","U+1F330","\xF0\x9F\x8C\xB0",284,"<ed><a0><bc><ed><bc><b0>",0,3.30309896745126e-06
"534",5,309,"pineapple","U+1F34D","\xF0\x9F\x8D\x8D",309,"<ed><a0><bc><ed><bd><8d>",0,3.30309896745126e-06
"535",5,328,"dango","U+1F361","\xF0\x9F\x8D\xA1",328,"<ed><a0><bc><ed><bd><a1>",0,3.30309896745126e-06
"536",5,334,"shaved ice","U+1F367","\xF0\x9F\x8D\xA7",334,"<ed><a0><bc><ed><bd><a7>",0,3.30309896745126e-06
"537",5,371,"wind chime","U+1F390","\xF0\x9F\x8E\x90",371,"<ed><a0><bc><ed><be><90>",0,3.30309896745126e-06
"538",5,405,"tennis racquet and ball","U+1F3BE","\xF0\x9F\x8E\xBE",405,"<ed><a0><bc><ed><be><be>",0,3.30309896745126e-06
"539",5,409,"snowboarder","U+1F3C2","\xF0\x9F\x8F\x82",409,"<ed><a0><bc><ed><bf><82>",0,3.30309896745126e-06
"540",5,422,"hotel","U+1F3E8","\xF0\x9F\x8F\xA8",422,"<ed><a0><bc><ed><bf><a8>",0,3.30309896745126e-06
"541",5,457,"dolphin","U+1F42C","\xF0\x9F\x90\xAC",457,"<ed><a0><bd><ed><b0><ac>",0,3.30309896745126e-06
"542",5,548,"love letter","U+1F48C","\xF0\x9F\x92\x8C",548,"<ed><a0><bd><ed><b2><8c>",0,3.30309896745126e-06
"543",5,581,"white flower","U+1F4AE","\xF0\x9F\x92\xAE",581,"<ed><a0><bd><ed><b2><ae>",0,3.30309896745126e-06
"544",5,618,"closed book","U+1F4D5","\xF0\x9F\x93\x95",618,"<ed><a0><bd><ed><b3><95>",0,3.30309896745126e-06
"545",5,636,"e-mail symbol","U+1F4E7","\xF0\x9F\x93\xA7",636,"<ed><a0><bd><ed><b3><a7>",0,3.30309896745126e-06
"546",5,655,"battery","U+1F50B","\xF0\x9F\x94\x8B",655,"<ed><a0><bd><ed><b4><8b>",0,3.30309896745126e-06
"547",5,657,"left-pointing magnifying glass","U+1F50D","\xF0\x9F\x94\x8D",657,"<ed><a0><bd><ed><b4><8d>",0,3.30309896745126e-06
"548",5,658,"right-pointing magnifying glass","U+1F50E","\xF0\x9F\x94\x8E",658,"<ed><a0><bd><ed><b4><8e>",0,3.30309896745126e-06
"549",5,660,"closed lock with key","U+1F510","\xF0\x9F\x94\x90",660,"<ed><a0><bd><ed><b4><90>",0,3.30309896745126e-06
"550",5,670,"on with exclamation mark with left right arrow above","U+1F51B","\xF0\x9F\x94\x9B",670,"<ed><a0><bd><ed><b4><9b>",0,3.30309896745126e-06
"551",5,681,"electric torch","U+1F526","\xF0\x9F\x94\xA6",681,"<ed><a0><bd><ed><b4><a6>",0,3.30309896745126e-06
"552",5,795,"water buffalo","U+1F403","\xF0\x9F\x90\x83",795,"<ed><a0><bd><ed><b0><83>",0,3.30309896745126e-06
"553",5,816,"open mailbox with raised flag","U+1F4EC","\xF0\x9F\x93\xAC",816,"<ed><a0><bd><ed><b3><ac>",0,3.30309896745126e-06
"554",4,102,"ship","U+1F6A2","\xF0\x9F\x9A\xA2",102,"<ed><a0><bd><ed><ba><a2>",0,2.75258247287605e-06
"555",4,124,"negative squared latin capital letter o","U+1F17E","\xF0\x9F\x85\xBE",124,"<ed><a0><bc><ed><b5><be>",0,2.75258247287605e-06
"556",4,185,"leftwards arrow with hook","U+21A9","\xE2\x86\xA9",185,"<e2><86><a9>",0,2.75258247287605e-06
"557",4,186,"rightwards arrow with hook","U+21AA","\xE2\x86\xAA",186,"<e2><86><aa>",0,2.75258247287605e-06
"558",4,213,"gemini","U+264A","\xE2\x99\x8A",213,"<e2><99><8a>",0,2.75258247287605e-06
"559",4,281,"first quarter moon with face","U+1F31B","\xF0\x9F\x8C\x9B",281,"<ed><a0><bc><ed><bc><9b>",0,2.75258247287605e-06
"560",4,301,"mushroom","U+1F344","\xF0\x9F\x8D\x84",301,"<ed><a0><bc><ed><bd><84>",0,2.75258247287605e-06
"561",4,331,"fried shrimp","U+1F364","\xF0\x9F\x8D\xA4",331,"<ed><a0><bc><ed><bd><a4>",0,2.75258247287605e-06
"562",4,373,"school satchel","U+1F392","\xF0\x9F\x8E\x92",373,"<ed><a0><bc><ed><be><92>",0,2.75258247287605e-06
"563",4,406,"ski and ski boot","U+1F3BF","\xF0\x9F\x8E\xBF",406,"<ed><a0><bc><ed><be><bf>",0,2.75258247287605e-06
"564",4,415,"house building","U+1F3E0","\xF0\x9F\x8F\xA0",415,"<ed><a0><bc><ed><bf><a0>",0,2.75258247287605e-06
"565",4,463,"dragon face","U+1F432","\xF0\x9F\x90\xB2",463,"<ed><a0><bd><ed><b0><b2>",0,2.75258247287605e-06
"566",4,470,"hamster face","U+1F439","\xF0\x9F\x90\xB9",470,"<ed><a0><bd><ed><b0><b9>",0,2.75258247287605e-06
"567",4,496,"t-shirt","U+1F455","\xF0\x9F\x91\x95",496,"<ed><a0><bd><ed><b1><95>",0,2.75258247287605e-06
"568",4,501,"womans clothes","U+1F45A","\xF0\x9F\x91\x9A",501,"<ed><a0><bd><ed><b1><9a>",0,2.75258247287605e-06
"569",4,594,"minidisc","U+1F4BD","\xF0\x9F\x92\xBD",594,"<ed><a0><bd><ed><b2><bd>",0,2.75258247287605e-06
"570",4,634,"inbox tray","U+1F4E5","\xF0\x9F\x93\xA5",634,"<ed><a0><bd><ed><b3><a5>",0,2.75258247287605e-06
"571",4,637,"incoming envelope","U+1F4E8","\xF0\x9F\x93\xA8",637,"<ed><a0><bd><ed><b3><a8>",0,2.75258247287605e-06
"572",4,649,"video camera","U+1F4F9","\xF0\x9F\x93\xB9",649,"<ed><a0><bd><ed><b3><b9>",0,2.75258247287605e-06
"573",4,662,"lock","U+1F512","\xF0\x9F\x94\x92",662,"<ed><a0><bd><ed><b4><92>",0,2.75258247287605e-06
"574",4,682,"wrench","U+1F527","\xF0\x9F\x94\xA7",682,"<ed><a0><bd><ed><b4><a7>",0,2.75258247287605e-06
"575",4,697,"small orange diamond","U+1F538","\xF0\x9F\x94\xB8",697,"<ed><a0><bd><ed><b4><b8>",0,2.75258247287605e-06
"576",4,714,"clock face twelve oclock","U+1F55B","\xF0\x9F\x95\x9B",714,"<ed><a0><bd><ed><b5><9b>",0,2.75258247287605e-06
"577",4,752,"mountain railway","U+1F69E","\xF0\x9F\x9A\x9E",752,"<ed><a0><bd><ed><ba><9e>",0,2.75258247287605e-06
"578",4,787,"pear","U+1F350","\xF0\x9F\x8D\x90",787,"<ed><a0><bc><ed><bd><90>",0,2.75258247287605e-06
"579",4,803,"whale","U+1F40B","\xF0\x9F\x90\x8B",803,"<ed><a0><bd><ed><b0><8b>",0,2.75258247287605e-06
"580",4,822,"clockwise rightwards and leftwards open circle arrows with circled one overlay","U+1F502","\xF0\x9F\x94\x82",822,"<ed><a0><bd><ed><b4><82>",0,2.75258247287605e-06
"581",3,67,"black nib","U+2712","\xE2\x9C\x92",67,"<e2><9c><92>",0,2.20206597830084e-06
"582",3,182,"north east arrow","U+2197","\xE2\x86\x97",182,"<e2><86><97>",0,2.20206597830084e-06
"583",3,234,"medium black circle","U+26AB","\xE2\x9A\xAB",234,"<e2><9a><ab>",0,2.20206597830084e-06
"584",3,247,"arrow pointing rightwards then curving upwards","U+2934","\xE2\xA4\xB4",247,"<e2><a4><b4>",0,2.20206597830084e-06
"585",3,268,"cityscape at dusk","U+1F306","\xF0\x9F\x8C\x86",268,"<ed><a0><bc><ed><bc><86>",0,2.20206597830084e-06
"586",3,271,"bridge at night","U+1F309","\xF0\x9F\x8C\x89",271,"<ed><a0><bc><ed><bc><89>",0,2.20206597830084e-06
"587",3,324,"spaghetti","U+1F35D","\xF0\x9F\x8D\x9D",324,"<ed><a0><bc><ed><bd><9d>",0,2.20206597830084e-06
"588",3,335,"ice cream","U+1F368","\xF0\x9F\x8D\xA8",335,"<ed><a0><bc><ed><bd><a8>",0,2.20206597830084e-06
"589",3,392,"billiards","U+1F3B1","\xF0\x9F\x8E\xB1",392,"<ed><a0><bc><ed><be><b1>",0,2.20206597830084e-06
"590",3,437,"boar","U+1F417","\xF0\x9F\x90\x97",437,"<ed><a0><bd><ed><b0><97>",0,2.20206597830084e-06
"591",3,448,"turtle","U+1F422","\xF0\x9F\x90\xA2",448,"<ed><a0><bd><ed><b0><a2>",0,2.20206597830084e-06
"592",3,493,"womans hat","U+1F452","\xF0\x9F\x91\x92",493,"<ed><a0><bd><ed><b1><92>",0,2.20206597830084e-06
"593",3,508,"womans sandal","U+1F461","\xF0\x9F\x91\xA1",508,"<ed><a0><bd><ed><b1><a1>",0,2.20206597830084e-06
"594",3,580,"speech balloon","U+1F4AC","\xF0\x9F\x92\xAC",580,"<ed><a0><bd><ed><b2><ac>",0,2.20206597830084e-06
"595",3,607,"bar chart","U+1F4CA","\xF0\x9F\x93\x8A",607,"<ed><a0><bd><ed><b3><8a>",0,2.20206597830084e-06
"596",3,615,"ledger","U+1F4D2","\xF0\x9F\x93\x92",615,"<ed><a0><bd><ed><b3><92>",0,2.20206597830084e-06
"597",3,628,"pager","U+1F4DF","\xF0\x9F\x93\x9F",628,"<ed><a0><bd><ed><b3><9f>",0,2.20206597830084e-06
"598",3,647,"antenna with bars","U+1F4F6","\xF0\x9F\x93\xB6",647,"<ed><a0><bd><ed><b3><b6>",0,2.20206597830084e-06
"599",3,665,"bookmark","U+1F516","\xF0\x9F\x94\x96",665,"<ed><a0><bd><ed><b4><96>",0,2.20206597830084e-06
"600",3,667,"radio button","U+1F518","\xF0\x9F\x94\x98",667,"<ed><a0><bd><ed><b4><98>",0,2.20206597830084e-06
"601",3,690,"trident emblem","U+1F531","\xF0\x9F\x94\xB1",690,"<ed><a0><bd><ed><b4><b1>",0,2.20206597830084e-06
"602",3,695,"large orange diamond","U+1F536","\xF0\x9F\x94\xB6",695,"<ed><a0><bd><ed><b4><b6>",0,2.20206597830084e-06
"603",3,789,"horse racing","U+1F3C7","\xF0\x9F\x8F\x87",789,"<ed><a0><bc><ed><bf><87>",0,2.20206597830084e-06
"604",3,796,"cow","U+1F404","\xF0\x9F\x90\x84",796,"<ed><a0><bd><ed><b0><84>",0,2.20206597830084e-06
"605",3,821,"clockwise rightwards and leftwards open circle arrows","U+1F501","\xF0\x9F\x94\x81",821,"<ed><a0><bd><ed><b4><81>",0,2.20206597830084e-06
"606",3,827,"speaker with one sound wave","U+1F509","\xF0\x9F\x94\x89",827,"<ed><a0><bd><ed><b4><89>",0,2.20206597830084e-06
"607",2,84,"heavy division sign","U+2797","\xE2\x9E\x97",84,"<e2><9e><97>",0,1.65154948372563e-06
"608",2,96,"fire engine","U+1F692","\xF0\x9F\x9A\x92",96,"<ed><a0><bd><ed><ba><92>",0,1.65154948372563e-06
"609",2,130,"squared id","U+1F194","\xF0\x9F\x86\x94",130,"<ed><a0><bc><ed><b6><94>",0,1.65154948372563e-06
"610",2,215,"leo","U+264C","\xE2\x99\x8C",215,"<e2><99><8c>",0,1.65154948372563e-06
"611",2,218,"scorpius","U+264F","\xE2\x99\x8F",218,"<e2><99><8f>",0,1.65154948372563e-06
"612",2,224,"black club suit","U+2663","\xE2\x99\xA3",224,"<e2><99><a3>",0,1.65154948372563e-06
"613",2,242,"fountain","U+26F2","\xE2\x9B\xB2",242,"<e2><9b><b2>",0,1.65154948372563e-06
"614",2,252,"black large square","U+2B1B","\xE2\xAC\x9B",252,"<e2><ac><9b>",0,1.65154948372563e-06
"615",2,264,"closed umbrella","U+1F302","\xF0\x9F\x8C\x82",264,"<ed><a0><bc><ed><bc><82>",0,1.65154948372563e-06
"616",2,279,"full moon symbol","U+1F315","\xF0\x9F\x8C\x95",279,"<ed><a0><bc><ed><bc><95>",0,1.65154948372563e-06
"617",2,305,"melon","U+1F348","\xF0\x9F\x8D\x88",305,"<ed><a0><bc><ed><bd><88>",0,1.65154948372563e-06
"618",2,330,"sushi","U+1F363","\xF0\x9F\x8D\xA3",330,"<ed><a0><bc><ed><bd><a3>",0,1.65154948372563e-06
"619",2,369,"japanese dolls","U+1F38E","\xF0\x9F\x8E\x8E",369,"<ed><a0><bc><ed><be><8e>",0,1.65154948372563e-06
"620",2,377,"roller coaster","U+1F3A2","\xF0\x9F\x8E\xA2",377,"<ed><a0><bc><ed><be><a2>",0,1.65154948372563e-06
"621",2,386,"ticket","U+1F3AB","\xF0\x9F\x8E\xAB",386,"<ed><a0><bc><ed><be><ab>",0,1.65154948372563e-06
"622",2,418,"japanese post office","U+1F3E3","\xF0\x9F\x8F\xA3",418,"<ed><a0><bc><ed><bf><a3>",0,1.65154948372563e-06
"623",2,427,"factory","U+1F3ED","\xF0\x9F\x8F\xAD",427,"<ed><a0><bc><ed><bf><ad>",0,1.65154948372563e-06
"624",2,447,"blowfish","U+1F421","\xF0\x9F\x90\xA1",447,"<ed><a0><bd><ed><b0><a1>",0,1.65154948372563e-06
"625",2,499,"kimono","U+1F458","\xF0\x9F\x91\x98",499,"<ed><a0><bd><ed><b1><98>",0,1.65154948372563e-06
"626",2,544,"barber pole","U+1F488","\xF0\x9F\x92\x88",544,"<ed><a0><bd><ed><b2><88>",0,1.65154948372563e-06
"627",2,584,"currency exchange","U+1F4B1","\xF0\x9F\x92\xB1",584,"<ed><a0><bd><ed><b2><b1>",0,1.65154948372563e-06
"628",2,586,"credit card","U+1F4B3","\xF0\x9F\x92\xB3",586,"<ed><a0><bd><ed><b2><b3>",0,1.65154948372563e-06
"629",2,587,"banknote with yen sign","U+1F4B4","\xF0\x9F\x92\xB4",587,"<ed><a0><bd><ed><b2><b4>",0,1.65154948372563e-06
"630",2,602,"calendar","U+1F4C5","\xF0\x9F\x93\x85",602,"<ed><a0><bd><ed><b3><85>",0,1.65154948372563e-06
"631",2,620,"green book","U+1F4D7","\xF0\x9F\x93\x97",620,"<ed><a0><bd><ed><b3><97>",0,1.65154948372563e-06
"632",2,621,"blue book","U+1F4D8","\xF0\x9F\x93\x98",621,"<ed><a0><bd><ed><b3><98>",0,1.65154948372563e-06
"633",2,635,"package","U+1F4E6","\xF0\x9F\x93\xA6",635,"<ed><a0><bd><ed><b3><a6>",0,1.65154948372563e-06
"634",2,666,"link symbol","U+1F517","\xF0\x9F\x94\x97",666,"<ed><a0><bd><ed><b4><97>",0,1.65154948372563e-06
"635",2,673,"no one under eighteen symbol","U+1F51E","\xF0\x9F\x94\x9E",673,"<ed><a0><bd><ed><b4><9e>",0,1.65154948372563e-06
"636",2,701,"up-pointing small red triangle","U+1F53C","\xF0\x9F\x94\xBC",701,"<ed><a0><bd><ed><b4><bc>",0,1.65154948372563e-06
"637",2,716,"tokyo tower","U+1F5FC","\xF0\x9F\x97\xBC",716,"<ed><a0><bd><ed><b7><bc>",0,1.65154948372563e-06
"638",2,747,"oncoming taxi","U+1F696","\xF0\x9F\x9A\x96",747,"<ed><a0><bd><ed><ba><96>",0,1.65154948372563e-06
"639",2,750,"tractor","U+1F69C","\xF0\x9F\x9A\x9C",750,"<ed><a0><bd><ed><ba><9c>",0,1.65154948372563e-06
"640",2,761,"non-potable water symbol","U+1F6B1","\xF0\x9F\x9A\xB1",761,"<ed><a0><bd><ed><ba><b1>",0,1.65154948372563e-06
"641",2,767,"shower","U+1F6BF","\xF0\x9F\x9A\xBF",767,"<ed><a0><bd><ed><ba><bf>",0,1.65154948372563e-06
"642",2,781,"last quarter moon with face","U+1F31C","\xF0\x9F\x8C\x9C",781,"<ed><a0><bc><ed><bc><9c>",0,1.65154948372563e-06
"643",2,791,"european post office","U+1F3E4","\xF0\x9F\x8F\xA4",791,"<ed><a0><bc><ed><bf><a4>",0,1.65154948372563e-06
"644",2,797,"tiger","U+1F405","\xF0\x9F\x90\x85",797,"<ed><a0><bd><ed><b0><85>",0,1.65154948372563e-06
"645",2,814,"banknote with euro sign","U+1F4B6","\xF0\x9F\x92\xB6",814,"<ed><a0><bd><ed><b2><b6>",0,1.65154948372563e-06
"646",2,815,"banknote with pound sign","U+1F4B7","\xF0\x9F\x92\xB7",815,"<ed><a0><bd><ed><b2><b7>",0,1.65154948372563e-06
"647",2,825,"high brightness symbol","U+1F506","\xF0\x9F\x94\x86",825,"<ed><a0><bd><ed><b4><86>",0,1.65154948372563e-06
"648",2,830,"telescope","U+1F52D","\xF0\x9F\x94\xAD",830,"<ed><a0><bd><ed><b4><ad>",0,1.65154948372563e-06
"649",1,74,"sparkle","U+2747","\xE2\x9D\x87",74,"<e2><9d><87>",0,1.10103298915042e-06
"650",1,86,"curly loop","U+27B0","\xE2\x9E\xB0",86,"<e2><9e><b0>",0,1.10103298915042e-06
"651",1,93,"bus","U+1F68C","\xF0\x9F\x9A\x8C",93,"<ed><a0><bd><ed><ba><8c>",0,1.10103298915042e-06
"652",1,116,"restroom","U+1F6BB","\xF0\x9F\x9A\xBB",116,"<ed><a0><bd><ed><ba><bb>",0,1.10103298915042e-06
"653",1,120,"bath","U+1F6C0","\xF0\x9F\x9B\x80",120,"<ed><a0><bd><ed><bb><80>",0,1.10103298915042e-06
"654",1,136,"squared vs","U+1F19A","\xF0\x9F\x86\x9A",136,"<ed><a0><bc><ed><b6><9a>",0,1.10103298915042e-06
"655",1,150,"squared cjk unified ideograph-6307","U+1F22F","\xF0\x9F\x88\xAF",150,"<ed><a0><bc><ed><b8><af>",0,1.10103298915042e-06
"656",1,151,"squared cjk unified ideograph-7981","U+1F232","\xF0\x9F\x88\xB2",151,"<ed><a0><bc><ed><b8><b2>",0,1.10103298915042e-06
"657",1,159,"squared cjk unified ideograph-55b6","U+1F23A","\xF0\x9F\x88\xBA",159,"<ed><a0><bc><ed><b8><ba>",0,1.10103298915042e-06
"658",1,160,"circled ideograph advantage","U+1F250","\xF0\x9F\x89\x90",160,"<ed><a0><bc><ed><b9><90>",0,1.10103298915042e-06
"659",1,180,"up down arrow","U+2195","\xE2\x86\x95",180,"<e2><86><95>",0,1.10103298915042e-06
"660",1,183,"south east arrow","U+2198","\xE2\x86\x98",183,"<e2><86><98>",0,1.10103298915042e-06
"661",1,191,"black up-pointing double triangle","U+23EB","\xE2\x8F\xAB",191,"<e2><8f><ab>",0,1.10103298915042e-06
"662",1,211,"aries","U+2648","\xE2\x99\x88",211,"<e2><99><88>",0,1.10103298915042e-06
"663",1,212,"taurus","U+2649","\xE2\x99\x89",212,"<e2><99><89>",0,1.10103298915042e-06
"664",1,214,"cancer","U+264B","\xE2\x99\x8B",214,"<e2><99><8b>",0,1.10103298915042e-06
"665",1,217,"libra","U+264E","\xE2\x99\x8E",217,"<e2><99><8e>",0,1.10103298915042e-06
"666",1,219,"sagittarius","U+2650","\xE2\x99\x90",219,"<e2><99><90>",0,1.10103298915042e-06
"667",1,220,"capricorn","U+2651","\xE2\x99\x91",220,"<e2><99><91>",0,1.10103298915042e-06
"668",1,221,"aquarius","U+2652","\xE2\x99\x92",221,"<e2><99><92>",0,1.10103298915042e-06
"669",1,238,"sun behind cloud","U+26C5","\xE2\x9B\x85",238,"<e2><9b><85>",0,1.10103298915042e-06
"670",1,253,"white large square","U+2B1C","\xE2\xAC\x9C",253,"<e2><ac><9c>",0,1.10103298915042e-06
"671",1,259,"circled ideograph secret","U+3299","\xE3\x8A\x99",259,"<e3><8a><99>",0,1.10103298915042e-06
"672",1,278,"waxing gibbous moon symbol","U+1F314","\xF0\x9F\x8C\x94",278,"<ed><a0><bc><ed><bc><94>",0,1.10103298915042e-06
"673",1,317,"meat on bone","U+1F356","\xF0\x9F\x8D\x96",317,"<ed><a0><bc><ed><bd><96>",0,1.10103298915042e-06
"674",1,322,"curry and rice","U+1F35B","\xF0\x9F\x8D\x9B",322,"<ed><a0><bc><ed><bd><9b>",0,1.10103298915042e-06
"675",1,339,"candy","U+1F36C","\xF0\x9F\x8D\xAC",339,"<ed><a0><bc><ed><bd><ac>",0,1.10103298915042e-06
"676",1,341,"custard","U+1F36E","\xF0\x9F\x8D\xAE",341,"<ed><a0><bc><ed><bd><ae>",0,1.10103298915042e-06
"677",1,345,"pot of food","U+1F372","\xF0\x9F\x8D\xB2",345,"<ed><a0><bc><ed><bd><b2>",0,1.10103298915042e-06
"678",1,366,"tanabata tree","U+1F38B","\xF0\x9F\x8E\x8B",366,"<ed><a0><bc><ed><be><8b>",0,1.10103298915042e-06
"679",1,394,"bowling","U+1F3B3","\xF0\x9F\x8E\xB3",394,"<ed><a0><bc><ed><be><b3>",0,1.10103298915042e-06
"680",1,404,"running shirt with sash","U+1F3BD","\xF0\x9F\x8E\xBD",404,"<ed><a0><bc><ed><be><bd>",0,1.10103298915042e-06
"681",1,424,"convenience store","U+1F3EA","\xF0\x9F\x8F\xAA",424,"<ed><a0><bc><ed><bf><aa>",0,1.10103298915042e-06
"682",1,426,"department store","U+1F3EC","\xF0\x9F\x8F\xAC",426,"<ed><a0><bc><ed><bf><ac>",0,1.10103298915042e-06
"683",1,428,"izakaya lantern","U+1F3EE","\xF0\x9F\x8F\xAE",428,"<ed><a0><bc><ed><bf><ae>",0,1.10103298915042e-06
"684",1,429,"japanese castle","U+1F3EF","\xF0\x9F\x8F\xAF",429,"<ed><a0><bc><ed><bf><af>",0,1.10103298915042e-06
"685",1,440,"spiral shell","U+1F41A","\xF0\x9F\x90\x9A",440,"<ed><a0><bd><ed><b0><9a>",0,1.10103298915042e-06
"686",1,454,"koala","U+1F428","\xF0\x9F\x90\xA8",454,"<ed><a0><bd><ed><b0><a8>",0,1.10103298915042e-06
"687",1,502,"purse","U+1F45B","\xF0\x9F\x91\x9B",502,"<ed><a0><bd><ed><b1><9b>",0,1.10103298915042e-06
"688",1,504,"pouch","U+1F45D","\xF0\x9F\x91\x9D",504,"<ed><a0><bd><ed><b1><9d>",0,1.10103298915042e-06
"689",1,595,"floppy disk","U+1F4BE","\xF0\x9F\x92\xBE",595,"<ed><a0><bd><ed><b2><be>",0,1.10103298915042e-06
"690",1,597,"dvd","U+1F4C0","\xF0\x9F\x93\x80",597,"<ed><a0><bd><ed><b3><80>",0,1.10103298915042e-06
"691",1,608,"clipboard","U+1F4CB","\xF0\x9F\x93\x8B",608,"<ed><a0><bd><ed><b3><8b>",0,1.10103298915042e-06
"692",1,613,"triangular ruler","U+1F4D0","\xF0\x9F\x93\x90",613,"<ed><a0><bd><ed><b3><90>",0,1.10103298915042e-06
"693",1,614,"bookmark tabs","U+1F4D1","\xF0\x9F\x93\x91",614,"<ed><a0><bd><ed><b3><91>",0,1.10103298915042e-06
"694",1,622,"orange book","U+1F4D9","\xF0\x9F\x93\x99",622,"<ed><a0><bd><ed><b3><99>",0,1.10103298915042e-06
"695",1,624,"name badge","U+1F4DB","\xF0\x9F\x93\x9B",624,"<ed><a0><bd><ed><b3><9b>",0,1.10103298915042e-06
"696",1,633,"outbox tray","U+1F4E4","\xF0\x9F\x93\xA4",633,"<ed><a0><bd><ed><b3><a4>",0,1.10103298915042e-06
"697",1,645,"vibration mode","U+1F4F3","\xF0\x9F\x93\xB3",645,"<ed><a0><bd><ed><b3><b3>",0,1.10103298915042e-06
"698",1,674,"keycap ten","U+1F51F","\xF0\x9F\x94\x9F",674,"<ed><a0><bd><ed><b4><9f>",0,1.10103298915042e-06
"699",1,677,"input symbol for numbers","U+1F522","\xF0\x9F\x94\xA2",677,"<ed><a0><bd><ed><b4><a2>",0,1.10103298915042e-06
"700",1,703,"clock face one oclock","U+1F550","\xF0\x9F\x95\x90",703,"<ed><a0><bd><ed><b5><90>",0,1.10103298915042e-06
"701",1,704,"clock face two oclock","U+1F551","\xF0\x9F\x95\x91",704,"<ed><a0><bd><ed><b5><91>",0,1.10103298915042e-06
"702",1,705,"clock face three oclock","U+1F552","\xF0\x9F\x95\x92",705,"<ed><a0><bd><ed><b5><92>",0,1.10103298915042e-06
"703",1,708,"clock face six oclock","U+1F555","\xF0\x9F\x95\x95",708,"<ed><a0><bd><ed><b5><95>",0,1.10103298915042e-06
"704",1,713,"clock face eleven oclock","U+1F55A","\xF0\x9F\x95\x9A",713,"<ed><a0><bd><ed><b5><9a>",0,1.10103298915042e-06
"705",1,718,"silhouette of japan","U+1F5FE","\xF0\x9F\x97\xBE",718,"<ed><a0><bd><ed><b7><be>",0,1.10103298915042e-06
"706",1,749,"articulated lorry","U+1F69B","\xF0\x9F\x9A\x9B",749,"<ed><a0><bd><ed><ba><9b>",0,1.10103298915042e-06
"707",1,759,"do not litter symbol","U+1F6AF","\xF0\x9F\x9A\xAF",759,"<ed><a0><bd><ed><ba><af>",0,1.10103298915042e-06
"708",1,763,"bicyclist","U+1F6B4","\xF0\x9F\x9A\xB4",763,"<ed><a0><bd><ed><ba><b4>",0,1.10103298915042e-06
"709",1,764,"mountain bicyclist","U+1F6B5","\xF0\x9F\x9A\xB5",764,"<ed><a0><bd><ed><ba><b5>",0,1.10103298915042e-06
"710",1,771,"baggage claim","U+1F6C4","\xF0\x9F\x9B\x84",771,"<ed><a0><bd><ed><bb><84>",0,1.10103298915042e-06
"711",1,793,"mouse","U+1F401","\xF0\x9F\x90\x81",793,"<ed><a0><bd><ed><b0><81>",0,1.10103298915042e-06
"712",1,819,"no mobile phones","U+1F4F5","\xF0\x9F\x93\xB5",819,"<ed><a0><bd><ed><b3><b5>",0,1.10103298915042e-06
"713",1,823,"anticlockwise downwards and upwards open circle arrows","U+1F504","\xF0\x9F\x94\x84",823,"<ed><a0><bd><ed><b4><84>",0,1.10103298915042e-06
"714",1,831,"clock face one-thirty","U+1F55C","\xF0\x9F\x95\x9C",831,"<ed><a0><bd><ed><b5><9c>",0,1.10103298915042e-06
"715",1,833,"clock face three-thirty","U+1F55E","\xF0\x9F\x95\x9E",833,"<ed><a0><bd><ed><b5><9e>",0,1.10103298915042e-06
"716",1,834,"clock face four-thirty","U+1F55F","\xF0\x9F\x95\x9F",834,"<ed><a0><bd><ed><b5><9f>",0,1.10103298915042e-06
"717",1,839,"clock face nine-thirty","U+1F564","\xF0\x9F\x95\xA4",839,"<ed><a0><bd><ed><b5><a4>",0,1.10103298915042e-06
